review_id,user_id,review_date,rating,sentiment_theme,platform,plan_tier
0,u_202493,2026-03-21,4,fast_results,Android,free
1,u_202051,2026-05-30,1,app_crash,Android,free
2,u_206528,2026-06-28,5,good_model_variety,Android,free
3,u_202693,2026-06-28,1,credit_gating_friction,Android,free
4,u_203541,2026-04-06,3,credit_gating_friction,Web,free
5,u_204852,2026-06-28,5,fast_results,Android,free
6,u_206847,2026-05-23,4,fast_results,iOS,pro_annual
7,u_207776,2026-06-28,5,easy_to_use,Web,free
8,u_202929,2026-06-28,4,powerful_creative_toolset,Android,free
9,u_202681,2026-06-28,3,good_model_variety,iOS,free
10,u_201734,2026-04-09,1,aggressive_monetization,iOS,free
11,u_201205,2026-04-02,5,easy_to_use,Android,free
12,u_203057,2026-06-01,5,good_model_variety,Android,free
13,u_200982,2026-06-28,4,fast_results,iOS,free
14,u_202815,2026-06-28,1,content_policy_too_strict,Android,pro_monthly
15,u_207472,2026-06-28,5,good_model_variety,Web,free
16,u_205966,2026-06-12,4,addictive_generation_quality,iOS,free
17,u_207352,2026-06-28,4,easy_to_use,Android,free
18,u_203234,2026-06-28,2,credit_gating_friction,iOS,pro_monthly
19,u_205230,2026-06-28,5,easy_to_use,iOS,free
20,u_206321,2026-05-10,4,easy_to_use,Android,free
21,u_201357,2026-06-20,5,powerful_creative_toolset,Web,free
22,u_203512,2026-04-17,3,easy_to_use,iOS,pro_monthly
23,u_200715,2026-05-28,4,fast_results,Android,free
24,u_207185,2026-06-28,5,fast_results,Web,free
25,u_200688,2026-06-28,5,good_model_variety,Android,free
26,u_201178,2026-06-28,3,content_policy_too_strict,iOS,pro_monthly
27,u_206115,2026-06-28,3,app_crash,iOS,free
28,u_204615,2026-03-30,2,slow_generation,Android,free
29,u_207174,2026-04-17,5,powerful_creative_toolset,iOS,free
30,u_207252,2026-06-28,5,good_model_variety,iOS,free
31,u_206946,2026-04-16,2,aggressive_monetization,iOS,free
32,u_205469,2026-06-28,5,good_model_variety,iOS,free
33,u_205542,2026-04-29,3,powerful_creative_toolset,Android,pro_annual
34,u_203417,2026-04-27,5,addictive_generation_quality,Android,free
35,u_202751,2026-04-26,4,good_model_variety,iOS,pro_monthly
36,u_201649,2026-05-07,5,fast_results,Android,free
37,u_201796,2026-06-28,2,aggressive_monetization,Android,free
38,u_201267,2026-06-28,4,addictive_generation_quality,Android,free
39,u_205530,2026-05-04,4,addictive_generation_quality,iOS,free
40,u_200490,2026-06-21,4,addictive_generation_quality,Android,free
41,u_202168,2026-06-28,5,easy_to_use,iOS,free
42,u_205688,2026-06-28,5,fast_results,iOS,free
43,u_200429,2026-06-28,5,powerful_creative_toolset,Android,pro_annual
44,u_204165,2026-06-28,2,credit_gating_friction,Web,free
45,u_202229,2026-06-28,1,aggressive_monetization,Android,enterprise
46,u_204384,2026-06-28,4,addictive_generation_quality,Web,free
47,u_200987,2026-06-22,4,easy_to_use,Android,pro_annual
48,u_200310,2026-06-28,4,fast_results,iOS,free
49,u_200352,2026-06-08,5,powerful_creative_toolset,iOS,free
50,u_207296,2026-03-11,3,credit_gating_friction,Android,pro_annual
51,u_201992,2026-06-02,3,content_policy_too_strict,iOS,free
52,u_205393,2026-06-17,5,powerful_creative_toolset,iOS,free
53,u_206910,2026-06-28,5,fast_results,iOS,free
54,u_206236,2026-06-28,5,easy_to_use,Android,pro_monthly
55,u_200727,2026-06-28,5,powerful_creative_toolset,iOS,free
56,u_202821,2026-06-22,5,addictive_generation_quality,Android,free
57,u_201940,2026-06-28,5,fast_results,Android,free
58,u_201676,2026-06-28,5,fast_results,Android,free
59,u_200726,2026-05-05,1,failed_generation_charged_credits,Android,free
60,u_205947,2026-06-28,4,addictive_generation_quality,iOS,free
61,u_203684,2026-06-14,4,fast_results,iOS,pro_annual
62,u_201770,2026-06-28,5,fast_results,Android,free
63,u_201866,2026-04-16,4,fast_results,Android,free
64,u_207654,2026-06-19,1,credit_gating_friction,iOS,free
65,u_204973,2026-06-28,4,fast_results,Web,free
66,u_206822,2026-06-28,4,powerful_creative_toolset,Web,free
67,u_201112,2026-06-02,4,good_model_variety,Android,pro_monthly
68,u_206922,2026-06-13,4,easy_to_use,Web,free
69,u_205259,2026-06-06,5,fast_results,Android,free
70,u_207943,2026-04-27,4,fast_results,iOS,free
71,u_202307,2026-06-28,5,easy_to_use,iOS,free
72,u_205714,2026-06-28,4,good_model_variety,Android,free
73,u_200137,2026-06-28,4,good_model_variety,iOS,pro_monthly
74,u_201683,2026-06-28,5,powerful_creative_toolset,Android,pro_monthly
75,u_201948,2026-05-28,1,aggressive_monetization,Android,free
76,u_205593,2026-06-28,5,fast_results,Android,pro_monthly
77,u_200841,2026-06-28,5,fast_results,iOS,free
78,u_200628,2026-06-28,5,easy_to_use,Android,free
79,u_205463,2026-05-22,5,fast_results,iOS,free
80,u_203642,2026-06-28,5,powerful_creative_toolset,Android,pro_monthly
81,u_206728,2026-04-24,4,fast_results,Android,pro_monthly
82,u_200848,2026-05-31,1,slow_generation,Web,free
83,u_205374,2026-06-28,1,failed_generation_charged_credits,Android,free
84,u_201513,2026-06-28,4,good_model_variety,iOS,free
85,u_203623,2026-06-28,4,good_model_variety,Web,free
86,u_202803,2026-06-28,1,aggressive_monetization,iOS,free
87,u_203479,2026-06-11,2,credit_gating_friction,iOS,free
88,u_204149,2026-06-28,3,content_policy_too_strict,Android,free
89,u_203825,2026-05-25,3,addictive_generation_quality,Web,free
90,u_204707,2026-06-28,4,fast_results,Android,free
91,u_200459,2026-06-28,4,addictive_generation_quality,iOS,pro_monthly
92,u_203515,2026-06-28,4,fast_results,Android,free
93,u_206620,2026-06-28,3,powerful_creative_toolset,Android,free
94,u_201446,2026-04-22,2,slow_generation,Android,free
95,u_200967,2026-06-28,5,good_model_variety,Android,free
96,u_206610,2026-04-15,4,powerful_creative_toolset,Android,free
97,u_206731,2026-06-28,1,slow_generation,Android,free
98,u_200001,2026-06-28,5,powerful_creative_toolset,Android,free
99,u_204823,2026-06-28,4,powerful_creative_toolset,Android,free
100,u_202221,2026-06-28,2,content_policy_too_strict,iOS,pro_annual
101,u_206301,2026-05-10,5,powerful_creative_toolset,iOS,pro_monthly
102,u_205699,2026-04-22,5,easy_to_use,Android,free
103,u_201974,2026-06-28,3,content_policy_too_strict,Android,free
104,u_200226,2026-06-28,5,easy_to_use,iOS,free
105,u_202694,2026-05-27,5,addictive_generation_quality,iOS,pro_monthly
106,u_207035,2026-06-28,5,fast_results,iOS,free
107,u_206216,2026-05-02,5,powerful_creative_toolset,Android,free
108,u_200630,2026-06-28,1,credit_gating_friction,iOS,free
109,u_201341,2026-06-07,2,failed_generation_charged_credits,Android,free
110,u_205854,2026-06-28,4,good_model_variety,Android,free
111,u_200710,2026-06-28,5,addictive_generation_quality,Web,free
112,u_207790,2026-06-28,3,credit_gating_friction,Web,free
113,u_200407,2026-06-28,2,aggressive_monetization,iOS,free
114,u_206436,2026-04-02,5,addictive_generation_quality,iOS,free
115,u_200177,2026-06-03,5,easy_to_use,Android,free
116,u_201586,2026-05-15,1,app_crash,Web,free
117,u_204230,2026-06-28,5,addictive_generation_quality,Android,free
118,u_206256,2026-06-28,5,addictive_generation_quality,Android,enterprise
119,u_206219,2026-06-22,5,addictive_generation_quality,Android,enterprise
120,u_202644,2026-06-28,5,good_model_variety,Android,free
121,u_206589,2026-06-28,5,easy_to_use,iOS,free
122,u_201142,2026-06-23,4,fast_results,iOS,free
123,u_201864,2026-05-22,5,powerful_creative_toolset,iOS,free
124,u_200070,2026-06-22,5,powerful_creative_toolset,Web,free
125,u_207124,2026-04-17,5,fast_results,iOS,free
126,u_204461,2026-06-28,5,fast_results,Web,free
127,u_202296,2026-06-27,5,easy_to_use,Android,free
128,u_201736,2026-06-28,5,easy_to_use,iOS,free
129,u_203501,2026-06-28,2,app_crash,Web,free
130,u_203853,2026-06-28,5,addictive_generation_quality,Web,free
131,u_201741,2026-06-28,4,powerful_creative_toolset,Android,free
132,u_207338,2026-04-16,5,good_model_variety,Web,free
133,u_200243,2026-06-28,4,easy_to_use,Android,free
134,u_204532,2026-06-28,3,easy_to_use,Android,free
135,u_205991,2026-06-28,5,powerful_creative_toolset,Android,free
136,u_201036,2026-06-28,5,good_model_variety,iOS,free
137,u_201273,2026-05-06,4,good_model_variety,iOS,free
138,u_203804,2026-05-30,4,powerful_creative_toolset,iOS,free
139,u_206811,2026-05-01,4,easy_to_use,iOS,free
140,u_203173,2026-06-28,4,fast_results,Android,enterprise
141,u_202713,2026-05-22,3,addictive_generation_quality,iOS,free
142,u_206623,2026-06-28,4,fast_results,Android,free
143,u_207497,2026-06-28,1,content_policy_too_strict,iOS,free
144,u_205773,2026-06-28,2,credit_gating_friction,Web,free
145,u_206636,2026-06-28,5,fast_results,Android,free
146,u_200417,2026-06-28,4,easy_to_use,iOS,free
147,u_201254,2026-06-28,4,powerful_creative_toolset,Web,free
148,u_204829,2026-06-16,5,good_model_variety,iOS,free
149,u_206527,2026-04-16,5,fast_results,iOS,free
150,u_202288,2026-04-21,1,app_crash,Android,free
151,u_203146,2026-05-06,5,easy_to_use,iOS,free
152,u_202184,2026-06-28,5,good_model_variety,Android,free
153,u_207080,2026-04-17,4,easy_to_use,Android,free
154,u_205484,2026-03-29,4,powerful_creative_toolset,Android,free
155,u_200442,2026-03-31,5,good_model_variety,iOS,free
156,u_202079,2026-06-28,5,good_model_variety,iOS,free
157,u_207255,2026-05-02,2,slow_generation,iOS,pro_annual
158,u_202915,2026-06-21,5,addictive_generation_quality,Android,free
159,u_201235,2026-06-28,5,fast_results,Web,free
160,u_207876,2026-05-25,4,fast_results,Web,free
161,u_200477,2026-06-28,5,good_model_variety,Android,pro_monthly
162,u_203471,2026-06-21,3,aggressive_monetization,Web,free
163,u_202603,2026-06-28,4,addictive_generation_quality,Android,free
164,u_207349,2026-06-07,5,addictive_generation_quality,iOS,free
165,u_207933,2026-06-28,4,easy_to_use,iOS,pro_monthly
166,u_201877,2026-06-11,5,addictive_generation_quality,Android,free
167,u_205444,2026-06-17,5,good_model_variety,iOS,free
168,u_200131,2026-03-25,5,addictive_generation_quality,iOS,free
169,u_202447,2026-05-15,5,powerful_creative_toolset,Android,free
170,u_202154,2026-06-28,3,fast_results,Android,pro_monthly
171,u_207380,2026-06-28,5,good_model_variety,iOS,free
172,u_207798,2026-06-28,1,content_policy_too_strict,Android,pro_annual
173,u_201917,2026-06-28,5,good_model_variety,Android,free
174,u_204644,2026-05-09,3,powerful_creative_toolset,Web,free
175,u_201243,2026-03-07,1,failed_generation_charged_credits,Web,pro_monthly
176,u_205742,2026-03-17,1,credit_gating_friction,Android,enterprise
177,u_204092,2026-06-28,3,easy_to_use,iOS,free
178,u_203235,2026-06-28,5,addictive_generation_quality,Android,pro_monthly
179,u_200006,2026-06-11,1,app_crash,Android,free
180,u_203276,2026-05-09,4,powerful_creative_toolset,Web,free
181,u_203999,2026-03-07,1,credit_gating_friction,Web,free
182,u_200187,2026-06-28,5,powerful_creative_toolset,Android,pro_monthly
183,u_207171,2026-06-28,2,slow_generation,Android,pro_annual
184,u_207597,2026-05-06,4,powerful_creative_toolset,Web,free
185,u_201118,2026-06-28,4,addictive_generation_quality,iOS,free
186,u_207699,2026-06-28,4,easy_to_use,Web,free
187,u_207767,2026-06-27,4,easy_to_use,Android,free
188,u_206433,2026-06-23,5,good_model_variety,Android,pro_monthly
189,u_207010,2026-06-28,5,addictive_generation_quality,Android,free
190,u_207280,2026-06-28,5,powerful_creative_toolset,Android,free
191,u_202799,2026-06-28,5,easy_to_use,iOS,free
192,u_204183,2026-06-27,4,powerful_creative_toolset,Android,free
193,u_205763,2026-06-28,5,powerful_creative_toolset,Web,pro_annual
194,u_201277,2026-06-28,5,fast_results,iOS,free
195,u_202365,2026-05-03,4,addictive_generation_quality,iOS,free
196,u_200158,2026-06-28,5,good_model_variety,Android,free
197,u_205108,2026-06-28,3,fast_results,iOS,free
198,u_207543,2026-06-28,5,easy_to_use,Android,free
199,u_204676,2026-06-20,3,failed_generation_charged_credits,Web,free
200,u_203023,2026-06-28,3,addictive_generation_quality,iOS,free
201,u_201509,2026-05-04,1,failed_generation_charged_credits,iOS,free
202,u_201985,2026-06-28,2,aggressive_monetization,Android,free
203,u_205277,2026-06-28,5,addictive_generation_quality,Web,free
204,u_200521,2026-05-13,5,fast_results,iOS,free
205,u_205725,2026-06-28,5,easy_to_use,Android,free
206,u_207153,2026-04-12,1,aggressive_monetization,Android,free
207,u_207528,2026-06-20,5,easy_to_use,Android,free
208,u_205245,2026-04-08,4,good_model_variety,Web,pro_annual
209,u_202601,2026-06-28,4,good_model_variety,Web,free
210,u_204806,2026-06-28,4,fast_results,iOS,free
211,u_200211,2026-06-28,5,addictive_generation_quality,Android,free
212,u_201361,2026-06-28,5,fast_results,iOS,free
213,u_203330,2026-06-28,5,easy_to_use,Android,free
214,u_206515,2026-04-18,3,app_crash,iOS,free
215,u_205605,2026-06-04,3,slow_generation,Android,free
216,u_205229,2026-06-28,2,failed_generation_charged_credits,Android,free
217,u_201339,2026-06-28,5,fast_results,Android,free
218,u_203726,2026-06-28,5,addictive_generation_quality,Android,pro_monthly
219,u_205410,2026-06-28,4,powerful_creative_toolset,Android,free
220,u_204327,2026-06-28,5,powerful_creative_toolset,iOS,pro_annual
221,u_207602,2026-06-28,4,addictive_generation_quality,Android,free
222,u_204464,2026-06-28,3,app_crash,Android,free
223,u_206260,2026-06-28,5,easy_to_use,Android,free
224,u_202403,2026-06-28,5,addictive_generation_quality,iOS,free
225,u_207083,2026-06-28,4,easy_to_use,iOS,free
226,u_202124,2026-04-25,2,aggressive_monetization,Web,free
227,u_201588,2026-06-28,3,app_crash,Web,free
228,u_200172,2026-06-20,5,fast_results,Android,pro_monthly
229,u_207002,2026-04-21,5,easy_to_use,iOS,free
230,u_206810,2026-06-28,5,fast_results,iOS,free
231,u_204244,2026-06-28,4,addictive_generation_quality,Android,free
232,u_206866,2026-04-08,4,easy_to_use,iOS,free
233,u_200716,2026-05-06,2,slow_generation,iOS,free
234,u_202598,2026-06-28,4,easy_to_use,iOS,free
235,u_205072,2026-06-11,4,good_model_variety,iOS,free
236,u_202534,2026-06-28,3,powerful_creative_toolset,iOS,free
237,u_205678,2026-06-28,5,fast_results,Android,free
238,u_203727,2026-06-28,5,powerful_creative_toolset,Android,free
239,u_207381,2026-05-25,1,app_crash,Web,free
240,u_206408,2026-06-28,4,easy_to_use,Android,free
241,u_207266,2026-04-14,5,powerful_creative_toolset,iOS,pro_annual
242,u_202281,2026-05-13,1,slow_generation,Android,pro_monthly
243,u_200025,2026-06-28,1,credit_gating_friction,Android,free
244,u_201739,2026-06-28,4,easy_to_use,Web,pro_monthly
245,u_202524,2026-06-28,5,good_model_variety,Android,free
246,u_205063,2026-06-28,5,addictive_generation_quality,iOS,free
247,u_202707,2026-06-28,3,fast_results,Android,free
248,u_201850,2026-06-28,5,powerful_creative_toolset,Android,free
249,u_204516,2026-06-16,1,app_crash,Web,free
250,u_202407,2026-06-13,3,aggressive_monetization,Android,free
251,u_203575,2026-06-27,4,addictive_generation_quality,Web,free
252,u_203230,2026-04-01,5,powerful_creative_toolset,Android,enterprise
253,u_201392,2026-06-22,3,app_crash,Android,free
254,u_206358,2026-06-18,3,failed_generation_charged_credits,Web,free
255,u_200384,2026-04-23,4,easy_to_use,Android,free
256,u_205973,2026-06-20,5,powerful_creative_toolset,Android,free
257,u_204084,2026-06-25,5,powerful_creative_toolset,Android,free
258,u_204560,2026-06-28,4,easy_to_use,Android,free
259,u_204789,2026-05-26,3,app_crash,iOS,free
260,u_205065,2026-06-28,5,good_model_variety,iOS,free
261,u_204872,2026-05-26,3,aggressive_monetization,Android,free
262,u_204509,2026-06-01,3,slow_generation,iOS,free
263,u_202041,2026-06-11,5,addictive_generation_quality,iOS,free
264,u_207199,2026-06-28,4,fast_results,Web,free
265,u_201608,2026-05-11,5,powerful_creative_toolset,iOS,free
266,u_200886,2026-06-12,5,powerful_creative_toolset,Web,free
267,u_204095,2026-05-05,5,addictive_generation_quality,Web,free
268,u_206558,2026-03-05,5,powerful_creative_toolset,Android,free
269,u_203878,2026-04-19,5,powerful_creative_toolset,Android,free
270,u_207313,2026-05-05,5,easy_to_use,iOS,free
271,u_200735,2026-06-12,1,credit_gating_friction,Web,free
272,u_203470,2026-05-06,4,addictive_generation_quality,Android,free
273,u_206282,2026-04-05,5,addictive_generation_quality,Android,free
274,u_206057,2026-06-28,4,good_model_variety,iOS,free
275,u_205275,2026-05-04,4,powerful_creative_toolset,iOS,free
276,u_206712,2026-06-28,5,powerful_creative_toolset,Android,free
277,u_200741,2026-06-01,5,good_model_variety,Android,free
278,u_206987,2026-06-28,5,good_model_variety,Android,free
279,u_206746,2026-06-06,5,good_model_variety,Android,free
280,u_204077,2026-06-26,5,easy_to_use,Android,free
281,u_205206,2026-06-11,4,addictive_generation_quality,Web,free
282,u_202898,2026-04-21,5,addictive_generation_quality,iOS,free
283,u_203622,2026-05-23,4,powerful_creative_toolset,Android,free
284,u_207481,2026-06-28,3,content_policy_too_strict,Android,free
285,u_205642,2026-05-21,2,slow_generation,Android,free
286,u_206145,2026-06-28,3,credit_gating_friction,Android,free
287,u_204434,2026-06-28,4,fast_results,Android,free
288,u_204768,2026-06-28,2,app_crash,Web,free
289,u_205574,2026-06-07,1,credit_gating_friction,Android,free
290,u_202176,2026-06-28,3,failed_generation_charged_credits,Android,free
291,u_206635,2026-06-28,4,fast_results,iOS,free
292,u_206980,2026-06-28,3,app_crash,iOS,free
293,u_200514,2026-05-18,4,easy_to_use,iOS,free
294,u_207256,2026-06-28,4,good_model_variety,Android,free
295,u_203425,2026-06-28,1,credit_gating_friction,Web,free
296,u_205751,2026-04-21,5,addictive_generation_quality,Android,free
297,u_201023,2026-05-20,4,easy_to_use,Android,free
298,u_206297,2026-06-05,3,good_model_variety,Android,free
299,u_207608,2026-06-28,3,slow_generation,iOS,free
300,u_202278,2026-04-07,4,addictive_generation_quality,iOS,free
301,u_206593,2026-06-26,4,easy_to_use,Android,free
302,u_206472,2026-06-28,5,good_model_variety,Android,free
303,u_205726,2026-06-28,4,fast_results,Android,free
304,u_201136,2026-06-28,3,aggressive_monetization,Android,free
305,u_205516,2026-05-04,1,credit_gating_friction,Android,pro_annual
306,u_206805,2026-06-28,5,easy_to_use,Android,free
307,u_207111,2026-05-01,5,powerful_creative_toolset,iOS,free
308,u_203651,2026-06-28,5,easy_to_use,Android,free
309,u_203858,2026-03-30,3,aggressive_monetization,iOS,pro_monthly
310,u_203247,2026-06-28,5,addictive_generation_quality,Android,free
311,u_204530,2026-04-12,4,good_model_variety,Android,pro_monthly
312,u_201151,2026-06-10,5,good_model_variety,Web,free
313,u_207235,2026-04-10,4,easy_to_use,iOS,free
314,u_206007,2026-06-28,3,fast_results,Android,pro_monthly
315,u_203429,2026-06-28,5,powerful_creative_toolset,Android,free
316,u_202393,2026-06-28,5,addictive_generation_quality,iOS,pro_monthly
317,u_202973,2026-05-28,2,slow_generation,iOS,free
318,u_204664,2026-06-06,4,good_model_variety,Android,free
319,u_200720,2026-06-02,5,good_model_variety,iOS,free
320,u_203927,2026-06-28,3,content_policy_too_strict,Android,free
321,u_206539,2026-06-28,4,good_model_variety,iOS,free
322,u_202608,2026-04-20,5,addictive_generation_quality,iOS,pro_annual
323,u_203220,2026-06-26,4,addictive_generation_quality,Android,free
324,u_207207,2026-06-28,4,powerful_creative_toolset,iOS,free
325,u_202068,2026-06-28,1,aggressive_monetization,iOS,free
326,u_204631,2026-05-30,3,fast_results,iOS,free
327,u_203420,2026-06-07,3,content_policy_too_strict,iOS,free
328,u_203830,2026-05-08,3,easy_to_use,Android,free
329,u_205407,2026-05-23,5,fast_results,Android,free
330,u_202868,2026-04-30,4,good_model_variety,Web,free
331,u_207427,2026-04-14,5,easy_to_use,Web,free
332,u_202589,2026-06-28,1,credit_gating_friction,Web,free
333,u_200461,2026-06-15,5,easy_to_use,iOS,free
334,u_207464,2026-06-17,4,addictive_generation_quality,iOS,pro_annual
335,u_200523,2026-06-03,1,content_policy_too_strict,Web,free
336,u_201491,2026-05-26,3,easy_to_use,Android,pro_monthly
337,u_200164,2026-05-22,4,fast_results,Android,free
338,u_200693,2026-06-28,2,credit_gating_friction,Android,free
339,u_204052,2026-06-28,5,good_model_variety,Android,free
340,u_200251,2026-06-28,2,slow_generation,Android,free
341,u_201338,2026-06-28,4,powerful_creative_toolset,Web,free
342,u_201484,2026-06-28,3,addictive_generation_quality,Web,free
343,u_205176,2026-06-28,2,aggressive_monetization,iOS,free
344,u_203079,2026-06-28,3,aggressive_monetization,Android,free
345,u_200452,2026-06-28,4,easy_to_use,iOS,free
346,u_200067,2026-06-28,4,fast_results,Web,pro_monthly
347,u_202862,2026-06-28,4,fast_results,Android,pro_monthly
348,u_202901,2026-06-28,5,addictive_generation_quality,Android,pro_annual
349,u_201537,2026-06-28,4,fast_results,iOS,free
350,u_205368,2026-06-28,2,app_crash,iOS,free
351,u_200208,2026-06-28,5,powerful_creative_toolset,Web,free
352,u_203615,2026-06-28,4,powerful_creative_toolset,Android,free
353,u_201605,2026-05-30,5,good_model_variety,Android,free
354,u_203394,2026-05-24,5,fast_results,iOS,pro_monthly
355,u_203812,2026-06-04,3,good_model_variety,Web,free
356,u_202113,2026-06-28,5,easy_to_use,Android,free
357,u_202018,2026-05-07,3,failed_generation_charged_credits,iOS,free
358,u_203906,2026-06-28,2,content_policy_too_strict,iOS,free
359,u_205941,2026-06-28,5,addictive_generation_quality,Android,free
360,u_203389,2026-05-13,5,addictive_generation_quality,Android,free
361,u_203268,2026-06-28,4,powerful_creative_toolset,Web,free
362,u_207330,2026-06-28,4,addictive_generation_quality,iOS,free
363,u_205416,2026-04-28,2,content_policy_too_strict,iOS,pro_monthly
364,u_201954,2026-06-28,2,app_crash,Web,free
365,u_206118,2026-06-01,5,good_model_variety,Android,free
366,u_203535,2026-05-05,5,easy_to_use,Android,free
367,u_205021,2026-06-22,2,slow_generation,iOS,free
368,u_204259,2026-05-30,5,addictive_generation_quality,iOS,free
369,u_202413,2026-06-28,3,addictive_generation_quality,iOS,free
370,u_200159,2026-05-17,4,powerful_creative_toolset,iOS,free
371,u_204617,2026-06-16,4,powerful_creative_toolset,Android,free
372,u_205461,2026-06-28,4,easy_to_use,iOS,free
373,u_206391,2026-06-28,5,fast_results,iOS,free
374,u_203347,2026-04-04,5,powerful_creative_toolset,Android,pro_annual
375,u_204559,2026-05-04,5,powerful_creative_toolset,Web,free
376,u_202258,2026-05-08,5,easy_to_use,iOS,free
377,u_205151,2026-03-19,3,addictive_generation_quality,Web,free
378,u_204512,2026-06-28,4,addictive_generation_quality,Android,free
379,u_207218,2026-06-28,3,aggressive_monetization,Android,free
380,u_203619,2026-04-10,2,failed_generation_charged_credits,Android,pro_monthly
381,u_203273,2026-06-19,5,fast_results,iOS,free
382,u_201368,2026-06-02,4,addictive_generation_quality,Android,free
383,u_203652,2026-06-28,5,good_model_variety,Web,free
384,u_207811,2026-06-28,2,content_policy_too_strict,Android,pro_monthly
385,u_206362,2026-06-24,4,good_model_variety,Android,free
386,u_205732,2026-06-28,5,good_model_variety,Android,free
387,u_201582,2026-06-28,4,powerful_creative_toolset,Android,free
388,u_203562,2026-06-28,4,fast_results,iOS,free
389,u_204556,2026-03-28,5,powerful_creative_toolset,iOS,pro_monthly
390,u_204449,2026-05-02,5,addictive_generation_quality,iOS,free
391,u_201427,2026-06-28,5,good_model_variety,Android,free
392,u_203006,2026-06-28,3,slow_generation,Web,pro_monthly
393,u_200979,2026-04-30,3,failed_generation_charged_credits,Android,free
394,u_201858,2026-04-13,5,fast_results,iOS,free
395,u_207350,2026-06-28,3,content_policy_too_strict,Web,pro_monthly
396,u_201415,2026-06-28,1,failed_generation_charged_credits,Android,free
397,u_206017,2026-06-28,5,powerful_creative_toolset,iOS,pro_monthly
398,u_202555,2026-05-14,4,easy_to_use,Android,free
399,u_200233,2026-03-31,5,addictive_generation_quality,Android,free
400,u_200322,2026-06-15,1,slow_generation,iOS,free
401,u_200141,2026-03-07,5,easy_to_use,Android,free
402,u_206422,2026-05-24,4,fast_results,Android,free
403,u_200532,2026-06-16,3,app_crash,iOS,free
404,u_203401,2026-06-28,4,easy_to_use,Android,free
405,u_202801,2026-06-28,5,addictive_generation_quality,Web,free
406,u_202852,2026-05-26,5,fast_results,iOS,free
407,u_207788,2026-03-17,5,good_model_variety,iOS,free
408,u_203649,2026-06-21,5,easy_to_use,Android,free
409,u_200747,2026-05-03,4,easy_to_use,Android,free
410,u_201749,2026-04-30,3,good_model_variety,Web,free
411,u_207346,2026-03-28,5,fast_results,Android,pro_monthly
412,u_206344,2026-06-15,2,content_policy_too_strict,Web,free
413,u_205174,2026-06-28,5,powerful_creative_toolset,Android,free
414,u_200345,2026-06-28,5,powerful_creative_toolset,iOS,free
415,u_204627,2026-06-28,3,failed_generation_charged_credits,Android,pro_monthly
416,u_207486,2026-06-28,5,fast_results,Android,free
417,u_204297,2026-06-28,5,easy_to_use,Web,pro_annual
418,u_206180,2026-06-28,4,good_model_variety,Android,enterprise
419,u_206307,2026-05-31,4,powerful_creative_toolset,Android,free
420,u_204292,2026-05-31,5,easy_to_use,Web,free
421,u_201643,2026-06-28,5,fast_results,Android,free
422,u_201620,2026-06-28,3,powerful_creative_toolset,Android,free
423,u_204873,2026-06-18,1,app_crash,Android,free
424,u_207547,2026-05-16,5,addictive_generation_quality,Android,free
425,u_201034,2026-04-19,3,fast_results,Android,free
426,u_205477,2026-06-07,1,aggressive_monetization,Web,pro_annual
427,u_204024,2026-04-27,5,fast_results,Android,free
428,u_204541,2026-06-28,5,powerful_creative_toolset,Android,free
429,u_204839,2026-06-27,5,easy_to_use,iOS,free
430,u_205890,2026-06-28,5,addictive_generation_quality,Android,free
431,u_206214,2026-06-28,4,fast_results,Android,free
432,u_207373,2026-05-25,5,powerful_creative_toolset,Android,free
433,u_206169,2026-06-28,4,powerful_creative_toolset,iOS,pro_monthly
434,u_200468,2026-06-27,5,powerful_creative_toolset,iOS,free
435,u_204419,2026-06-25,5,powerful_creative_toolset,Android,free
436,u_205329,2026-06-28,5,fast_results,Android,free
437,u_201327,2026-06-28,5,powerful_creative_toolset,iOS,pro_monthly
438,u_200537,2026-06-28,2,slow_generation,Web,pro_monthly
439,u_206684,2026-06-28,1,failed_generation_charged_credits,Web,free
440,u_202437,2026-06-20,4,fast_results,iOS,free
441,u_200451,2026-05-23,5,easy_to_use,Android,free
442,u_204953,2026-03-10,2,failed_generation_charged_credits,iOS,free
443,u_206361,2026-06-28,5,easy_to_use,iOS,free
444,u_206832,2026-06-08,3,good_model_variety,iOS,pro_monthly
445,u_200281,2026-06-28,3,easy_to_use,Web,free
446,u_204959,2026-06-28,5,powerful_creative_toolset,iOS,free
447,u_201257,2026-06-24,5,fast_results,Web,free
448,u_205740,2026-06-20,3,credit_gating_friction,Android,free
449,u_203601,2026-06-28,1,failed_generation_charged_credits,iOS,pro_annual
450,u_206878,2026-06-28,1,slow_generation,iOS,free
451,u_202877,2026-06-27,5,good_model_variety,Android,free
452,u_205693,2026-05-15,4,good_model_variety,Android,free
453,u_203198,2026-06-09,5,addictive_generation_quality,Android,free
454,u_200641,2026-04-11,3,good_model_variety,Android,free
455,u_205372,2026-05-23,2,credit_gating_friction,Web,free
456,u_202282,2026-06-28,1,slow_generation,Android,free
457,u_203847,2026-05-12,4,easy_to_use,Android,free
458,u_205698,2026-04-20,1,failed_generation_charged_credits,Android,free
459,u_203919,2026-06-21,5,good_model_variety,iOS,pro_annual
460,u_205923,2026-06-28,5,addictive_generation_quality,Android,pro_monthly
461,u_200590,2026-06-28,5,addictive_generation_quality,iOS,free
462,u_201393,2026-06-02,5,fast_results,Android,free
463,u_207787,2026-05-14,5,easy_to_use,Android,free
464,u_206459,2026-04-24,5,powerful_creative_toolset,iOS,free
465,u_203170,2026-04-30,5,easy_to_use,iOS,free
466,u_207454,2026-05-07,5,powerful_creative_toolset,iOS,free
467,u_201630,2026-06-28,5,fast_results,iOS,free
468,u_205218,2026-06-28,1,aggressive_monetization,Android,free
469,u_205311,2026-04-24,5,good_model_variety,Android,free
470,u_203803,2026-06-28,2,aggressive_monetization,iOS,free
471,u_205028,2026-04-13,5,easy_to_use,Web,free
472,u_203506,2026-06-28,5,addictive_generation_quality,iOS,free
473,u_205437,2026-06-28,5,good_model_variety,Android,free
474,u_207056,2026-06-02,3,failed_generation_charged_credits,Android,free
475,u_206974,2026-06-28,4,powerful_creative_toolset,Web,pro_monthly
476,u_201817,2026-06-23,5,powerful_creative_toolset,Web,free
477,u_203301,2026-06-28,4,easy_to_use,Android,pro_monthly
478,u_203823,2026-06-23,5,good_model_variety,iOS,free
479,u_200014,2026-06-28,5,addictive_generation_quality,Android,free
480,u_201266,2026-06-24,3,app_crash,Android,free
481,u_206911,2026-05-05,5,easy_to_use,iOS,free
482,u_207012,2026-05-04,5,fast_results,Android,free
483,u_207286,2026-06-11,5,good_model_variety,Android,free
484,u_204912,2026-06-28,5,powerful_creative_toolset,Android,free
485,u_205470,2026-06-28,5,easy_to_use,iOS,free
486,u_200547,2026-06-05,4,good_model_variety,Android,pro_annual
487,u_204093,2026-06-28,4,fast_results,iOS,free
488,u_206292,2026-03-29,5,easy_to_use,Android,free
489,u_201618,2026-04-13,4,good_model_variety,iOS,free
490,u_200214,2026-03-25,4,fast_results,iOS,free
491,u_204936,2026-06-23,2,content_policy_too_strict,Web,free
492,u_202678,2026-06-18,5,powerful_creative_toolset,iOS,free
493,u_203836,2026-06-27,5,easy_to_use,Android,free
494,u_207460,2026-06-28,2,credit_gating_friction,Android,free
495,u_206616,2026-06-28,3,app_crash,iOS,pro_monthly
496,u_204725,2026-05-28,4,addictive_generation_quality,Android,enterprise
497,u_206079,2026-06-14,4,powerful_creative_toolset,Android,pro_monthly
498,u_204366,2026-06-28,5,powerful_creative_toolset,Android,free
499,u_203593,2026-06-28,5,easy_to_use,Android,free
500,u_204781,2026-06-28,5,fast_results,Android,pro_monthly
501,u_202729,2026-03-21,5,powerful_creative_toolset,iOS,free
502,u_204680,2026-03-30,3,app_crash,Android,free
503,u_200743,2026-06-28,4,powerful_creative_toolset,Android,free
504,u_203923,2026-06-28,5,good_model_variety,Android,free
505,u_206891,2026-06-25,4,powerful_creative_toolset,Android,free
506,u_203303,2026-06-28,3,app_crash,Web,pro_monthly
507,u_201635,2026-05-15,5,addictive_generation_quality,Android,pro_annual
508,u_200871,2026-05-22,5,powerful_creative_toolset,Android,free
509,u_204646,2026-06-26,2,failed_generation_charged_credits,Android,free
510,u_202387,2026-06-28,5,powerful_creative_toolset,Android,free
511,u_203943,2026-06-28,5,good_model_variety,iOS,free
512,u_207924,2026-06-04,5,addictive_generation_quality,Android,free
513,u_200617,2026-04-30,5,fast_results,Web,free
514,u_206899,2026-06-28,4,addictive_generation_quality,iOS,free
515,u_204659,2026-06-28,5,fast_results,Web,free
516,u_205283,2026-06-28,2,failed_generation_charged_credits,Android,free
517,u_206268,2026-04-28,4,fast_results,Android,free
518,u_203484,2026-06-28,4,powerful_creative_toolset,iOS,free
519,u_204310,2026-06-28,5,powerful_creative_toolset,iOS,pro_monthly
520,u_204657,2026-06-28,5,powerful_creative_toolset,Android,pro_annual
521,u_205255,2026-05-06,3,credit_gating_friction,Android,free
522,u_206886,2026-06-28,4,good_model_variety,Android,free
523,u_201212,2026-06-28,5,powerful_creative_toolset,Android,enterprise
524,u_200845,2026-06-28,1,app_crash,iOS,free
525,u_206233,2026-06-28,5,powerful_creative_toolset,Web,free
526,u_202300,2026-05-12,4,addictive_generation_quality,Android,pro_annual
527,u_207867,2026-06-28,4,fast_results,iOS,free
528,u_205273,2026-06-28,3,powerful_creative_toolset,iOS,free
529,u_201927,2026-06-17,5,fast_results,Android,free
530,u_203627,2026-05-06,3,fast_results,Android,free
531,u_206606,2026-06-28,5,fast_results,iOS,pro_monthly
532,u_201218,2026-06-01,4,good_model_variety,iOS,pro_monthly
533,u_203798,2026-06-28,5,powerful_creative_toolset,Android,free
534,u_200026,2026-06-13,3,good_model_variety,iOS,free
535,u_207972,2026-05-19,4,addictive_generation_quality,Android,free
536,u_207335,2026-06-28,5,easy_to_use,iOS,free
537,u_203566,2026-06-28,1,aggressive_monetization,Web,free
538,u_205662,2026-06-28,4,easy_to_use,iOS,free
539,u_206230,2026-06-28,2,credit_gating_friction,iOS,enterprise
540,u_207108,2026-03-23,5,good_model_variety,iOS,free
541,u_200975,2026-04-15,3,slow_generation,iOS,free
542,u_206552,2026-05-24,4,powerful_creative_toolset,Android,pro_monthly
543,u_200589,2026-06-28,5,powerful_creative_toolset,Web,free
544,u_201017,2026-06-28,3,easy_to_use,Android,free
545,u_204438,2026-06-28,5,powerful_creative_toolset,Android,free
546,u_204761,2026-05-23,4,easy_to_use,iOS,free
547,u_200582,2026-06-02,2,app_crash,Android,pro_annual
548,u_202359,2026-05-27,2,failed_generation_charged_credits,iOS,pro_monthly
549,u_207898,2026-04-22,5,fast_results,Android,free
550,u_207094,2026-06-28,5,fast_results,Android,pro_monthly
551,u_200151,2026-06-28,5,addictive_generation_quality,iOS,pro_monthly
552,u_206889,2026-06-28,2,failed_generation_charged_credits,iOS,enterprise
553,u_207691,2026-06-28,5,addictive_generation_quality,Android,free
554,u_201416,2026-04-07,4,fast_results,iOS,free
555,u_202899,2026-06-28,5,powerful_creative_toolset,iOS,free
556,u_204458,2026-04-25,1,content_policy_too_strict,iOS,free
557,u_200388,2026-03-18,4,addictive_generation_quality,Web,pro_monthly
558,u_207648,2026-06-28,3,addictive_generation_quality,iOS,free
559,u_207737,2026-04-22,5,fast_results,Web,free
560,u_205834,2026-06-28,1,aggressive_monetization,iOS,free
561,u_203233,2026-05-31,5,good_model_variety,Android,free
562,u_204216,2026-06-28,4,easy_to_use,Android,free
563,u_202604,2026-06-28,5,fast_results,Web,free
564,u_205292,2026-05-26,5,easy_to_use,iOS,free
565,u_207584,2026-06-28,3,powerful_creative_toolset,Android,free
566,u_201934,2026-06-28,5,addictive_generation_quality,Android,free
567,u_203038,2026-06-28,2,failed_generation_charged_credits,Android,free
568,u_201020,2026-05-22,2,slow_generation,Android,free
569,u_205663,2026-06-28,5,addictive_generation_quality,iOS,free
570,u_204677,2026-06-28,4,powerful_creative_toolset,iOS,pro_annual
571,u_201876,2026-06-23,5,easy_to_use,iOS,free
572,u_206907,2026-05-09,2,failed_generation_charged_credits,iOS,pro_monthly
573,u_200637,2026-06-25,1,failed_generation_charged_credits,Android,free
574,u_205988,2026-06-28,4,good_model_variety,iOS,pro_annual
575,u_203768,2026-06-24,1,app_crash,iOS,enterprise
576,u_202606,2026-06-28,1,slow_generation,Android,free
577,u_201018,2026-06-28,1,aggressive_monetization,Android,free
578,u_207054,2026-06-26,5,fast_results,Android,free
579,u_205264,2026-06-14,5,easy_to_use,Web,free
580,u_202697,2026-06-28,5,addictive_generation_quality,iOS,pro_monthly
581,u_205971,2026-04-28,5,addictive_generation_quality,Web,free
582,u_202719,2026-06-28,5,good_model_variety,Android,free
583,u_205705,2026-05-20,5,addictive_generation_quality,iOS,pro_monthly
584,u_202142,2026-06-28,4,easy_to_use,Android,free
585,u_205994,2026-06-28,4,addictive_generation_quality,Android,pro_monthly
586,u_202802,2026-06-28,4,powerful_creative_toolset,iOS,free
587,u_205258,2026-06-16,5,powerful_creative_toolset,Android,free
588,u_205290,2026-04-07,5,addictive_generation_quality,iOS,free
589,u_204184,2026-06-28,5,easy_to_use,Android,pro_monthly
590,u_206543,2026-06-28,5,easy_to_use,Android,free
591,u_201325,2026-05-09,5,easy_to_use,Android,free
592,u_202285,2026-06-28,2,slow_generation,Web,free
593,u_203445,2026-06-28,4,good_model_variety,Android,pro_monthly
594,u_203724,2026-05-29,5,addictive_generation_quality,Web,free
595,u_206550,2026-06-28,4,addictive_generation_quality,Web,free
596,u_203128,2026-05-24,5,addictive_generation_quality,Android,free
597,u_203567,2026-06-28,3,slow_generation,Web,free
598,u_207312,2026-06-28,3,powerful_creative_toolset,Android,free
599,u_205030,2026-06-28,3,content_policy_too_strict,Android,free
600,u_202615,2026-04-30,5,powerful_creative_toolset,Android,free
601,u_206794,2026-06-16,3,content_policy_too_strict,iOS,free
602,u_205167,2026-06-28,5,powerful_creative_toolset,Web,free
603,u_204695,2026-05-01,4,easy_to_use,iOS,pro_annual
604,u_202704,2026-06-28,5,good_model_variety,Android,free
605,u_206046,2026-04-27,5,addictive_generation_quality,iOS,pro_annual
606,u_206973,2026-06-01,1,slow_generation,iOS,pro_monthly
607,u_205465,2026-06-06,4,easy_to_use,iOS,free
608,u_207903,2026-06-03,4,addictive_generation_quality,Android,free
609,u_201078,2026-06-28,4,easy_to_use,iOS,free
610,u_203072,2026-04-29,4,addictive_generation_quality,iOS,free
611,u_203098,2026-06-07,4,good_model_variety,Android,free
612,u_200256,2026-06-28,5,fast_results,Android,free
613,u_203039,2026-06-07,1,aggressive_monetization,Web,free
614,u_200572,2026-06-25,2,credit_gating_friction,iOS,free
615,u_201057,2026-06-28,5,powerful_creative_toolset,Android,pro_monthly
616,u_205436,2026-05-20,4,easy_to_use,iOS,free
617,u_200534,2026-06-04,4,addictive_generation_quality,iOS,pro_monthly
618,u_202956,2026-06-28,4,powerful_creative_toolset,iOS,free
619,u_200209,2026-06-26,4,addictive_generation_quality,Android,free
620,u_207704,2026-04-20,5,powerful_creative_toolset,Android,pro_monthly
621,u_205757,2026-06-28,4,addictive_generation_quality,iOS,free
622,u_206179,2026-06-14,5,easy_to_use,iOS,pro_monthly
623,u_204812,2026-06-28,5,good_model_variety,iOS,free
624,u_207399,2026-06-28,2,app_crash,iOS,free
625,u_204224,2026-06-28,5,fast_results,iOS,free
626,u_200803,2026-06-20,1,slow_generation,Android,free
627,u_203209,2026-06-28,5,easy_to_use,Android,free
628,u_204867,2026-06-28,3,credit_gating_friction,iOS,free
629,u_207863,2026-03-27,4,fast_results,iOS,free
630,u_200542,2026-05-19,2,content_policy_too_strict,iOS,free
631,u_201901,2026-06-28,5,good_model_variety,Web,free
632,u_202516,2026-06-28,4,addictive_generation_quality,iOS,free
633,u_207619,2026-06-28,5,addictive_generation_quality,Android,free
634,u_206820,2026-06-21,5,fast_results,iOS,free
635,u_205515,2026-06-28,1,failed_generation_charged_credits,Web,free
636,u_205916,2026-06-28,5,addictive_generation_quality,Web,free
637,u_201664,2026-06-18,4,addictive_generation_quality,Android,pro_annual
638,u_202070,2026-06-28,3,aggressive_monetization,Android,free
639,u_200586,2026-04-17,5,addictive_generation_quality,iOS,free
640,u_206412,2026-06-28,5,addictive_generation_quality,Android,free
641,u_204739,2026-04-26,4,powerful_creative_toolset,Android,pro_monthly
642,u_207590,2026-06-28,5,good_model_variety,iOS,free
643,u_206181,2026-06-28,1,failed_generation_charged_credits,iOS,pro_monthly
644,u_205550,2026-03-17,3,app_crash,iOS,free
645,u_205909,2026-06-28,5,powerful_creative_toolset,iOS,free
646,u_205294,2026-05-29,3,credit_gating_friction,iOS,free
647,u_201964,2026-04-24,5,fast_results,Android,free
648,u_200306,2026-04-25,5,good_model_variety,Android,free
649,u_205851,2026-06-14,4,addictive_generation_quality,iOS,free
650,u_202584,2026-06-28,3,good_model_variety,iOS,pro_monthly
651,u_202761,2026-06-28,1,credit_gating_friction,Android,free
652,u_207697,2026-04-29,5,powerful_creative_toolset,Web,free
653,u_207625,2026-05-17,5,easy_to_use,Android,free
654,u_204790,2026-05-15,4,addictive_generation_quality,iOS,free
655,u_201474,2026-04-14,4,easy_to_use,Android,free
656,u_207557,2026-06-28,5,powerful_creative_toolset,Web,free
657,u_205853,2026-06-20,5,fast_results,Android,free
658,u_202059,2026-06-24,5,good_model_variety,Android,free
659,u_201627,2026-05-23,5,powerful_creative_toolset,iOS,free
660,u_203533,2026-06-04,2,aggressive_monetization,Android,pro_monthly
661,u_204877,2026-06-28,5,fast_results,Web,free
662,u_203046,2026-06-28,5,powerful_creative_toolset,iOS,free
663,u_205827,2026-06-28,5,powerful_creative_toolset,Android,free
664,u_200732,2026-06-01,4,addictive_generation_quality,Web,free
665,u_203673,2026-06-28,4,easy_to_use,iOS,free
666,u_207264,2026-06-17,5,easy_to_use,Android,free
667,u_200594,2026-06-28,5,addictive_generation_quality,Web,free
668,u_200616,2026-05-18,5,addictive_generation_quality,Android,free
669,u_201843,2026-05-25,4,powerful_creative_toolset,Android,enterprise
670,u_200178,2026-06-06,3,easy_to_use,Android,enterprise
671,u_207674,2026-04-15,4,powerful_creative_toolset,Web,free
672,u_207011,2026-06-28,4,good_model_variety,Web,free
673,u_206612,2026-06-28,1,failed_generation_charged_credits,iOS,free
674,u_206523,2026-06-28,4,good_model_variety,Android,free
675,u_206251,2026-06-20,3,powerful_creative_toolset,iOS,free
676,u_205829,2026-06-20,3,fast_results,Web,free
677,u_202733,2026-06-28,3,slow_generation,iOS,pro_annual
678,u_205559,2026-06-28,1,app_crash,iOS,free
679,u_207948,2026-04-11,5,good_model_variety,iOS,free
680,u_207251,2026-04-13,5,good_model_variety,Android,free
681,u_202226,2026-06-13,5,good_model_variety,Web,free
682,u_204993,2026-06-28,3,fast_results,Android,free
683,u_201454,2026-05-27,5,good_model_variety,iOS,free
684,u_200434,2026-06-28,4,good_model_variety,Android,pro_annual
685,u_204899,2026-06-28,2,credit_gating_friction,iOS,free
686,u_204188,2026-05-20,3,fast_results,Web,free
687,u_207996,2026-05-11,4,addictive_generation_quality,iOS,free
688,u_202185,2026-06-24,5,good_model_variety,Web,pro_monthly
689,u_205440,2026-06-28,1,app_crash,Android,free
690,u_206692,2026-06-28,4,easy_to_use,iOS,free
691,u_200553,2026-04-27,5,easy_to_use,Android,free
692,u_200981,2026-05-06,5,fast_results,Android,free
693,u_205774,2026-06-28,5,easy_to_use,Android,free
694,u_207569,2026-06-27,4,good_model_variety,Web,free
695,u_206898,2026-05-08,5,powerful_creative_toolset,Android,free
696,u_207892,2026-06-17,1,app_crash,Web,free
697,u_202672,2026-06-20,5,powerful_creative_toolset,iOS,pro_monthly
698,u_200395,2026-06-28,4,addictive_generation_quality,Android,free
699,u_200296,2026-06-19,4,good_model_variety,iOS,free
700,u_205241,2026-06-28,4,powerful_creative_toolset,Android,free
701,u_206445,2026-06-07,1,credit_gating_friction,Android,free
702,u_205217,2026-04-24,5,powerful_creative_toolset,Android,free
703,u_204855,2026-06-04,5,easy_to_use,Android,free
704,u_206751,2026-06-28,5,addictive_generation_quality,Android,free
705,u_206531,2026-06-28,4,fast_results,Web,free
706,u_204483,2026-06-28,4,fast_results,iOS,free
707,u_202432,2026-05-30,5,easy_to_use,Android,free
708,u_204797,2026-06-28,4,powerful_creative_toolset,iOS,free
709,u_203250,2026-06-28,4,powerful_creative_toolset,Android,pro_monthly
710,u_206192,2026-05-24,2,credit_gating_friction,Android,pro_monthly
711,u_205293,2026-05-22,4,good_model_variety,Android,free
712,u_201793,2026-06-13,4,easy_to_use,Android,free
713,u_206008,2026-05-12,5,good_model_variety,Android,pro_monthly
714,u_204817,2026-06-23,5,fast_results,Android,free
715,u_200175,2026-06-28,5,powerful_creative_toolset,Web,free
716,u_206476,2026-06-28,5,fast_results,iOS,free
717,u_200952,2026-06-28,4,good_model_variety,Android,free
718,u_205846,2026-03-13,5,powerful_creative_toolset,iOS,pro_monthly
719,u_207595,2026-05-18,3,content_policy_too_strict,Android,free
720,u_205057,2026-06-28,4,fast_results,iOS,pro_annual
721,u_205807,2026-06-28,5,fast_results,Web,free
722,u_207133,2026-06-28,5,addictive_generation_quality,Web,free
723,u_200494,2026-04-21,5,powerful_creative_toolset,Web,free
724,u_201298,2026-06-28,3,app_crash,iOS,free
725,u_200592,2026-06-12,5,addictive_generation_quality,Android,pro_monthly
726,u_203003,2026-06-28,5,fast_results,iOS,free
727,u_202394,2026-04-24,5,addictive_generation_quality,iOS,free
728,u_204233,2026-06-28,3,app_crash,Android,free
729,u_204417,2026-06-28,4,easy_to_use,iOS,pro_monthly
730,u_202295,2026-06-28,4,addictive_generation_quality,iOS,free
731,u_203226,2026-06-01,3,failed_generation_charged_credits,Android,free
732,u_200385,2026-06-28,5,powerful_creative_toolset,Android,free
733,u_203424,2026-06-07,5,powerful_creative_toolset,iOS,pro_monthly
734,u_203472,2026-06-28,3,easy_to_use,Android,pro_monthly
735,u_202835,2026-06-28,3,powerful_creative_toolset,iOS,free
736,u_206924,2026-05-03,2,failed_generation_charged_credits,iOS,pro_annual
737,u_206483,2026-06-28,5,easy_to_use,Android,free
738,u_203168,2026-03-08,1,failed_generation_charged_credits,Android,free
739,u_202351,2026-06-28,4,good_model_variety,iOS,free
740,u_203009,2026-06-26,1,app_crash,iOS,pro_monthly
741,u_204704,2026-05-07,3,credit_gating_friction,Android,pro_annual
742,u_204724,2026-06-28,2,app_crash,Android,free
743,u_201471,2026-06-28,3,easy_to_use,Android,free
744,u_207880,2026-06-28,4,easy_to_use,iOS,free
745,u_206167,2026-06-28,5,fast_results,Web,pro_monthly
746,u_206588,2026-06-09,2,credit_gating_friction,Android,free
747,u_201389,2026-04-08,2,failed_generation_charged_credits,Web,free
748,u_206305,2026-06-28,2,app_crash,Android,pro_annual
749,u_200248,2026-05-01,5,addictive_generation_quality,iOS,pro_annual
750,u_205682,2026-06-28,5,addictive_generation_quality,Android,free
751,u_205169,2026-06-13,4,fast_results,Android,free
752,u_206339,2026-06-15,5,fast_results,Android,free
753,u_202499,2026-04-12,4,easy_to_use,Android,free
754,u_200129,2026-06-18,4,fast_results,Android,free
755,u_203598,2026-05-02,5,good_model_variety,Android,free
756,u_204193,2026-06-28,5,good_model_variety,iOS,enterprise
757,u_201539,2026-06-23,4,easy_to_use,iOS,free
758,u_204988,2026-05-02,5,easy_to_use,iOS,free
759,u_205387,2026-06-28,5,good_model_variety,iOS,free
760,u_202149,2026-06-28,5,easy_to_use,iOS,free
761,u_206089,2026-06-28,4,good_model_variety,Web,pro_annual
762,u_202847,2026-05-27,5,good_model_variety,Android,free
763,u_205694,2026-06-28,5,fast_results,Android,free
764,u_200247,2026-06-28,5,fast_results,iOS,free
765,u_206449,2026-06-28,4,fast_results,Web,free
766,u_205334,2026-06-28,5,addictive_generation_quality,iOS,free
767,u_206645,2026-06-28,1,credit_gating_friction,Android,free
768,u_207226,2026-06-28,4,addictive_generation_quality,Android,free
769,u_203903,2026-06-28,4,good_model_variety,iOS,free
770,u_205163,2026-06-28,4,addictive_generation_quality,Android,free
771,u_205036,2026-06-28,3,credit_gating_friction,Web,free
772,u_206639,2026-05-16,4,powerful_creative_toolset,iOS,free
773,u_202080,2026-06-28,4,fast_results,iOS,free
774,u_204026,2026-06-01,5,good_model_variety,iOS,free
775,u_207342,2026-06-28,5,powerful_creative_toolset,iOS,free
776,u_203352,2026-06-12,3,addictive_generation_quality,Web,pro_monthly
777,u_201890,2026-06-17,5,fast_results,Android,pro_monthly
778,u_207747,2026-04-26,5,easy_to_use,Android,pro_monthly
779,u_203458,2026-05-19,5,fast_results,iOS,pro_monthly
780,u_205519,2026-05-22,1,slow_generation,Android,free
781,u_205395,2026-06-28,5,powerful_creative_toolset,Android,free
782,u_205912,2026-06-28,5,addictive_generation_quality,Android,free
783,u_200508,2026-06-28,4,addictive_generation_quality,Web,free
784,u_204902,2026-06-28,4,fast_results,Android,free
785,u_201283,2026-06-28,3,addictive_generation_quality,Android,free
786,u_200673,2026-05-18,1,failed_generation_charged_credits,Android,pro_annual
787,u_202326,2026-06-28,3,app_crash,Android,free
788,u_204888,2026-03-22,5,good_model_variety,iOS,free
789,u_202514,2026-06-28,4,fast_results,Android,free
790,u_200736,2026-06-28,5,addictive_generation_quality,Android,free
791,u_202478,2026-06-28,4,fast_results,Android,free
792,u_202974,2026-06-28,5,powerful_creative_toolset,Android,free
793,u_200613,2026-06-28,4,easy_to_use,Android,free
794,u_205903,2026-06-17,3,good_model_variety,Android,pro_monthly
795,u_203378,2026-05-11,5,easy_to_use,Android,free
796,u_203932,2026-06-28,4,fast_results,Android,free
797,u_203637,2026-06-27,5,powerful_creative_toolset,iOS,free
798,u_202718,2026-06-28,4,addictive_generation_quality,Android,free
799,u_203373,2026-06-28,5,powerful_creative_toolset,iOS,pro_monthly
800,u_201067,2026-06-28,2,failed_generation_charged_credits,Android,free
801,u_205611,2026-06-24,5,easy_to_use,Android,free
802,u_206901,2026-05-28,5,good_model_variety,iOS,free
803,u_200126,2026-04-21,4,easy_to_use,Android,free
804,u_202708,2026-05-10,4,fast_results,Android,free
805,u_207912,2026-06-28,4,powerful_creative_toolset,Web,pro_monthly
806,u_204225,2026-05-26,5,easy_to_use,Android,free
807,u_202108,2026-04-12,4,fast_results,iOS,free
808,u_207242,2026-06-28,4,good_model_variety,Android,free
809,u_201253,2026-06-09,2,failed_generation_charged_credits,iOS,free
810,u_203051,2026-06-28,4,fast_results,iOS,free
811,u_206840,2026-06-28,5,powerful_creative_toolset,Android,pro_annual
812,u_204853,2026-05-23,5,good_model_variety,Android,pro_monthly
813,u_204399,2026-06-28,4,addictive_generation_quality,Android,free
814,u_206604,2026-06-18,5,good_model_variety,Android,free
815,u_205366,2026-06-09,3,fast_results,Android,free
816,u_205173,2026-05-10,5,addictive_generation_quality,Android,free
817,u_206265,2026-05-03,5,fast_results,iOS,free
818,u_203223,2026-06-28,5,addictive_generation_quality,Android,free
819,u_207676,2026-06-28,5,fast_results,Web,free
820,u_204534,2026-06-28,5,fast_results,Web,pro_monthly
821,u_201274,2026-06-24,3,easy_to_use,Android,free
822,u_207509,2026-06-02,5,fast_results,iOS,free
823,u_204393,2026-05-07,2,credit_gating_friction,iOS,free
824,u_206578,2026-06-13,4,easy_to_use,Android,free
825,u_207027,2026-06-28,5,fast_results,iOS,free
826,u_200761,2026-06-28,4,fast_results,Android,pro_annual
827,u_203546,2026-06-26,5,good_model_variety,Android,free
828,u_204510,2026-05-31,4,good_model_variety,Web,free
829,u_206699,2026-06-11,2,failed_generation_charged_credits,Android,free
830,u_203978,2026-06-18,4,good_model_variety,iOS,free
831,u_207389,2026-04-02,5,good_model_variety,iOS,free
832,u_203976,2026-06-28,4,easy_to_use,iOS,free
833,u_205603,2026-06-24,5,addictive_generation_quality,Web,free
834,u_205712,2026-05-25,4,powerful_creative_toolset,Android,free
835,u_206844,2026-06-28,5,fast_results,Android,pro_monthly
836,u_205899,2026-06-28,5,powerful_creative_toolset,Web,free
837,u_200329,2026-06-02,5,fast_results,iOS,pro_monthly
838,u_203529,2026-05-20,5,easy_to_use,Web,free
839,u_205262,2026-06-26,5,good_model_variety,iOS,free
840,u_200098,2026-06-28,4,fast_results,Android,free
841,u_205695,2026-06-28,5,powerful_creative_toolset,iOS,pro_monthly
842,u_200145,2026-06-28,4,addictive_generation_quality,Web,free
843,u_207334,2026-06-21,5,powerful_creative_toolset,Android,pro_annual
844,u_201688,2026-04-28,4,powerful_creative_toolset,iOS,free
845,u_204581,2026-06-28,5,powerful_creative_toolset,Android,free
846,u_204893,2026-06-28,5,powerful_creative_toolset,iOS,free
847,u_206576,2026-06-28,4,addictive_generation_quality,Android,free
848,u_202783,2026-06-11,1,failed_generation_charged_credits,iOS,free
849,u_202502,2026-06-28,5,easy_to_use,Android,free
850,u_207120,2026-04-26,5,addictive_generation_quality,Android,free
851,u_206964,2026-06-28,4,fast_results,iOS,free
852,u_203263,2026-05-10,4,fast_results,Web,free
853,u_205568,2026-03-29,4,powerful_creative_toolset,Web,free
854,u_207756,2026-06-28,3,failed_generation_charged_credits,Web,free
855,u_201891,2026-06-28,4,good_model_variety,iOS,pro_monthly
856,u_206424,2026-06-08,5,easy_to_use,Android,pro_monthly
857,u_203665,2026-05-12,4,easy_to_use,Android,free
858,u_202964,2026-06-25,2,app_crash,Android,free
859,u_205708,2026-05-06,3,credit_gating_friction,Android,free
860,u_207882,2026-06-23,3,fast_results,Android,free
861,u_200816,2026-05-18,1,content_policy_too_strict,Web,free
862,u_203592,2026-06-14,5,addictive_generation_quality,Web,free
863,u_205686,2026-04-25,5,powerful_creative_toolset,iOS,free
864,u_207186,2026-05-07,5,fast_results,iOS,free
865,u_206975,2026-06-22,3,powerful_creative_toolset,Android,free
866,u_200530,2026-04-13,5,addictive_generation_quality,Android,free
867,u_205850,2026-04-29,1,aggressive_monetization,Android,free
868,u_201231,2026-06-15,2,failed_generation_charged_credits,Android,free
869,u_204404,2026-04-18,3,content_policy_too_strict,iOS,free
870,u_206742,2026-06-25,1,credit_gating_friction,Android,free
871,u_202118,2026-04-13,4,easy_to_use,Android,pro_monthly
872,u_206050,2026-05-16,4,easy_to_use,Android,free
873,u_205274,2026-05-28,4,powerful_creative_toolset,Android,free
874,u_200769,2026-04-25,5,good_model_variety,Android,pro_annual
875,u_202127,2026-04-15,2,slow_generation,iOS,pro_monthly
876,u_202151,2026-04-19,5,powerful_creative_toolset,Web,free
877,u_204194,2026-06-28,5,fast_results,iOS,free
878,u_202329,2026-06-28,3,good_model_variety,Android,free
879,u_205279,2026-05-14,4,easy_to_use,iOS,free
880,u_202546,2026-06-28,3,addictive_generation_quality,Android,free
881,u_205256,2026-06-28,5,powerful_creative_toolset,iOS,free
882,u_201249,2026-06-28,5,good_model_variety,Android,free
883,u_202528,2026-03-22,5,easy_to_use,iOS,free
884,u_207234,2026-06-11,5,good_model_variety,Android,free
885,u_207488,2026-06-28,4,fast_results,iOS,free
886,u_206300,2026-06-28,2,app_crash,iOS,free
887,u_203883,2026-05-01,1,app_crash,Web,free
888,u_204545,2026-06-28,4,good_model_variety,iOS,free
889,u_204236,2026-04-28,2,app_crash,iOS,free
890,u_207902,2026-06-28,5,good_model_variety,Web,free
891,u_202676,2026-06-20,4,good_model_variety,Android,pro_annual
892,u_206657,2026-06-28,1,slow_generation,iOS,enterprise
893,u_203317,2026-06-28,1,aggressive_monetization,iOS,free
894,u_201622,2026-06-09,4,fast_results,Android,pro_annual
895,u_205355,2026-06-28,4,powerful_creative_toolset,Android,free
896,u_203488,2026-05-09,5,addictive_generation_quality,iOS,pro_monthly
897,u_200338,2026-06-28,5,addictive_generation_quality,Android,free
898,u_206168,2026-06-28,5,fast_results,Web,free
899,u_205249,2026-06-28,5,good_model_variety,Web,free
900,u_207474,2026-03-25,2,failed_generation_charged_credits,iOS,free
901,u_203667,2026-05-28,4,powerful_creative_toolset,iOS,free
902,u_202848,2026-06-28,1,credit_gating_friction,iOS,free
903,u_202167,2026-06-28,3,aggressive_monetization,iOS,free
904,u_205389,2026-06-22,5,good_model_variety,iOS,free
905,u_203277,2026-06-23,5,easy_to_use,iOS,free
906,u_204466,2026-04-19,5,good_model_variety,Android,free
907,u_204202,2026-06-12,4,good_model_variety,Android,free
908,u_206437,2026-06-24,1,app_crash,Android,free
909,u_204240,2026-06-28,3,fast_results,iOS,free
910,u_204262,2026-06-28,3,fast_results,Android,free
911,u_206078,2026-06-23,5,fast_results,iOS,free
912,u_200174,2026-05-10,5,powerful_creative_toolset,iOS,free
913,u_207401,2026-06-22,5,fast_results,Android,free
914,u_203004,2026-06-28,5,addictive_generation_quality,iOS,free
915,u_206246,2026-04-14,3,fast_results,Android,enterprise
916,u_204275,2026-04-28,5,powerful_creative_toolset,iOS,free
917,u_202619,2026-06-28,5,powerful_creative_toolset,Android,enterprise
918,u_203133,2026-06-20,3,good_model_variety,Android,free
919,u_202764,2026-06-28,5,fast_results,iOS,free
920,u_203112,2026-06-28,4,good_model_variety,Android,pro_monthly
921,u_201065,2026-05-24,5,addictive_generation_quality,Android,free
922,u_203436,2026-05-16,3,aggressive_monetization,Web,free
923,u_205610,2026-05-29,4,good_model_variety,iOS,free
924,u_202099,2026-06-28,1,app_crash,Web,free
925,u_206816,2026-06-09,5,powerful_creative_toolset,Android,free
926,u_203240,2026-06-28,5,good_model_variety,iOS,free
927,u_205420,2026-06-28,2,slow_generation,Android,free
928,u_201191,2026-06-28,5,fast_results,Android,free
929,u_206174,2026-06-28,4,easy_to_use,iOS,pro_annual
930,u_207810,2026-06-09,5,powerful_creative_toolset,iOS,free
931,u_207552,2026-06-28,4,addictive_generation_quality,Android,free
932,u_202208,2026-06-28,4,fast_results,Web,free
933,u_206076,2026-06-11,5,good_model_variety,Android,free
934,u_207975,2026-06-28,5,fast_results,iOS,free
935,u_206228,2026-06-28,5,addictive_generation_quality,iOS,free
936,u_200448,2026-06-28,5,good_model_variety,iOS,free
937,u_206039,2026-03-20,5,powerful_creative_toolset,Android,free
938,u_207623,2026-06-11,3,good_model_variety,Android,free
939,u_207130,2026-06-28,4,fast_results,Android,free
940,u_207575,2026-06-11,4,addictive_generation_quality,Android,free
941,u_200476,2026-06-13,5,easy_to_use,iOS,free
942,u_206939,2026-06-28,4,powerful_creative_toolset,Android,free
943,u_207729,2026-05-23,5,powerful_creative_toolset,Web,free
944,u_203337,2026-05-12,2,credit_gating_friction,iOS,free
945,u_202836,2026-06-28,5,easy_to_use,Android,free
946,u_201156,2026-06-16,5,powerful_creative_toolset,Android,free
947,u_201624,2026-05-16,4,easy_to_use,Android,free
948,u_205964,2026-06-28,4,addictive_generation_quality,iOS,pro_monthly
949,u_202998,2026-06-28,5,addictive_generation_quality,iOS,free
950,u_207825,2026-03-30,3,credit_gating_friction,Android,pro_annual
951,u_200832,2026-06-28,3,slow_generation,Web,free
952,u_205985,2026-06-28,4,powerful_creative_toolset,iOS,pro_annual
953,u_200362,2026-05-24,4,addictive_generation_quality,iOS,free
954,u_205710,2026-04-01,5,fast_results,iOS,free
955,u_201835,2026-05-31,3,aggressive_monetization,iOS,pro_annual
956,u_206237,2026-06-28,5,fast_results,Android,free
957,u_203538,2026-06-28,4,easy_to_use,iOS,free
958,u_200930,2026-05-24,4,good_model_variety,iOS,pro_monthly
959,u_206128,2026-06-15,1,credit_gating_friction,Android,free
960,u_204103,2026-04-13,2,app_crash,Web,free
961,u_200634,2026-04-29,3,slow_generation,iOS,free
962,u_205684,2026-06-28,3,fast_results,iOS,free
963,u_204609,2026-06-11,5,powerful_creative_toolset,iOS,pro_monthly
964,u_202022,2026-06-27,1,content_policy_too_strict,Android,free
965,u_203489,2026-06-17,2,content_policy_too_strict,iOS,pro_monthly
966,u_205231,2026-06-28,1,content_policy_too_strict,iOS,free
967,u_203991,2026-06-10,2,app_crash,iOS,free
968,u_206463,2026-06-11,5,good_model_variety,iOS,free
969,u_201160,2026-06-28,4,fast_results,iOS,pro_annual
970,u_204515,2026-05-12,5,addictive_generation_quality,iOS,pro_monthly
971,u_206102,2026-06-28,5,addictive_generation_quality,iOS,free
972,u_206725,2026-06-28,5,good_model_variety,iOS,free
973,u_205522,2026-06-28,1,failed_generation_charged_credits,Android,free
974,u_207403,2026-06-28,5,fast_results,Android,free
975,u_201703,2026-05-15,4,powerful_creative_toolset,Web,free
976,u_207241,2026-06-14,5,good_model_variety,Android,free
977,u_201644,2026-06-28,5,fast_results,Web,free
978,u_207216,2026-06-28,5,powerful_creative_toolset,Android,free
979,u_207814,2026-06-28,2,slow_generation,Android,free
980,u_207197,2026-06-28,5,fast_results,Android,free
981,u_201201,2026-06-18,1,app_crash,iOS,free
982,u_201542,2026-06-28,4,fast_results,Android,free
983,u_205488,2026-05-13,3,powerful_creative_toolset,iOS,free
984,u_206851,2026-06-28,5,powerful_creative_toolset,iOS,free
985,u_200561,2026-06-28,1,app_crash,Android,free
986,u_204683,2026-05-16,5,easy_to_use,Web,free
987,u_203193,2026-06-28,5,easy_to_use,iOS,free
988,u_205646,2026-06-08,5,easy_to_use,Android,free
989,u_201478,2026-06-28,5,good_model_variety,iOS,free
990,u_202207,2026-04-21,5,addictive_generation_quality,Android,free
991,u_200128,2026-06-20,4,addictive_generation_quality,Android,free
992,u_204775,2026-06-01,2,app_crash,Android,free
993,u_202840,2026-05-18,3,failed_generation_charged_credits,Android,free
994,u_207799,2026-06-28,5,addictive_generation_quality,iOS,free
995,u_200801,2026-06-27,4,easy_to_use,Android,free
996,u_201831,2026-05-09,4,fast_results,Android,free
997,u_206981,2026-06-28,4,fast_results,iOS,free
998,u_207041,2026-06-28,4,easy_to_use,Android,free
999,u_205455,2026-06-28,4,good_model_variety,iOS,pro_annual
1000,u_200784,2026-06-28,1,aggressive_monetization,Web,free
1001,u_202020,2026-06-28,1,credit_gating_friction,Android,free
1002,u_206649,2026-06-05,2,content_policy_too_strict,Android,free
1003,u_207829,2026-06-28,5,easy_to_use,Android,free
1004,u_203553,2026-06-13,5,powerful_creative_toolset,iOS,free
1005,u_205857,2026-06-20,4,good_model_variety,Android,free
1006,u_204109,2026-06-28,3,fast_results,Android,free
1007,u_205840,2026-05-22,5,powerful_creative_toolset,Android,free
1008,u_202897,2026-06-14,3,fast_results,Web,free
1009,u_203121,2026-04-04,4,easy_to_use,Android,free
1010,u_200890,2026-06-28,5,easy_to_use,iOS,free
1011,u_200653,2026-06-28,4,good_model_variety,iOS,free
1012,u_203329,2026-06-28,5,addictive_generation_quality,Web,free
1013,u_207505,2026-06-22,1,failed_generation_charged_credits,iOS,free
1014,u_201290,2026-06-14,4,good_model_variety,Web,free
1015,u_205324,2026-05-15,2,app_crash,Android,free
1016,u_201312,2026-05-23,5,fast_results,Android,free
1017,u_205099,2026-05-03,4,powerful_creative_toolset,iOS,free
1018,u_202039,2026-06-28,3,failed_generation_charged_credits,Android,free
1019,u_200235,2026-04-23,4,powerful_creative_toolset,iOS,pro_monthly
1020,u_205087,2026-06-28,4,powerful_creative_toolset,iOS,free
1021,u_206629,2026-06-28,4,easy_to_use,Android,free
1022,u_201313,2026-06-28,4,addictive_generation_quality,Android,free
1023,u_201468,2026-06-28,5,powerful_creative_toolset,iOS,pro_monthly
1024,u_202150,2026-06-28,5,good_model_variety,iOS,free
1025,u_202769,2026-06-28,5,powerful_creative_toolset,Android,free
1026,u_202395,2026-06-28,5,powerful_creative_toolset,Android,free
1027,u_200154,2026-05-01,4,good_model_variety,Web,free
1028,u_200169,2026-03-30,4,addictive_generation_quality,Web,free
1029,u_206838,2026-06-16,4,addictive_generation_quality,iOS,free
1030,u_205203,2026-06-28,5,addictive_generation_quality,Android,free
1031,u_202884,2026-06-28,5,addictive_generation_quality,Android,free
1032,u_206738,2026-06-28,5,good_model_variety,Android,free
1033,u_202231,2026-06-28,5,easy_to_use,iOS,free
1034,u_201032,2026-04-19,5,powerful_creative_toolset,iOS,free
1035,u_205727,2026-04-26,5,easy_to_use,Web,free
1036,u_204017,2026-04-27,4,powerful_creative_toolset,iOS,pro_annual
1037,u_206795,2026-04-06,4,fast_results,Android,free
1038,u_205315,2026-04-19,5,powerful_creative_toolset,Android,pro_annual
1039,u_202760,2026-05-03,2,app_crash,Android,free
1040,u_204690,2026-06-28,5,fast_results,Web,free
1041,u_205192,2026-06-01,5,good_model_variety,iOS,free
1042,u_206281,2026-06-28,1,aggressive_monetization,iOS,free
1043,u_202088,2026-06-28,4,addictive_generation_quality,Android,pro_monthly
1044,u_206342,2026-06-28,4,good_model_variety,Android,free
1045,u_207931,2026-06-28,3,easy_to_use,Android,free
1046,u_205479,2026-06-28,2,aggressive_monetization,iOS,free
1047,u_203477,2026-06-28,4,addictive_generation_quality,iOS,pro_monthly
1048,u_207212,2026-06-28,5,powerful_creative_toolset,iOS,free
1049,u_202452,2026-06-28,5,powerful_creative_toolset,Android,free
1050,u_206492,2026-04-23,5,good_model_variety,iOS,free
1051,u_202135,2026-04-30,5,easy_to_use,Android,free
1052,u_206139,2026-05-26,5,good_model_variety,iOS,free
1053,u_203796,2026-04-20,3,content_policy_too_strict,Android,pro_annual
1054,u_203124,2026-04-12,4,easy_to_use,Android,free
1055,u_202225,2026-06-28,5,powerful_creative_toolset,iOS,free
1056,u_204187,2026-05-30,3,addictive_generation_quality,iOS,free
1057,u_202271,2026-06-28,1,content_policy_too_strict,iOS,free
1058,u_204268,2026-06-28,4,good_model_variety,iOS,free
1059,u_203319,2026-05-28,5,fast_results,iOS,pro_annual
1060,u_203061,2026-06-07,5,powerful_creative_toolset,Android,free
1061,u_206870,2026-06-28,1,app_crash,Android,free
1062,u_202640,2026-06-28,5,fast_results,Web,free
1063,u_206871,2026-06-28,5,addictive_generation_quality,iOS,free
1064,u_206091,2026-03-19,5,easy_to_use,Android,free
1065,u_207562,2026-06-28,5,powerful_creative_toolset,Android,free
1066,u_207576,2026-03-17,3,failed_generation_charged_credits,iOS,free
1067,u_200596,2026-04-29,4,fast_results,Android,free
1068,u_204378,2026-06-28,4,addictive_generation_quality,Android,free
1069,u_207069,2026-06-28,3,addictive_generation_quality,Android,pro_monthly
1070,u_202780,2026-05-08,5,addictive_generation_quality,Android,free
1071,u_206164,2026-06-23,3,powerful_creative_toolset,iOS,free
1072,u_206894,2026-06-28,4,addictive_generation_quality,Android,free
1073,u_200913,2026-06-17,5,easy_to_use,Android,free
1074,u_204272,2026-06-01,4,good_model_variety,Android,pro_annual
1075,u_202957,2026-06-28,4,good_model_variety,iOS,free
1076,u_200791,2026-06-09,5,easy_to_use,Web,free
1077,u_202381,2026-06-28,3,addictive_generation_quality,iOS,free
1078,u_202855,2026-06-28,2,credit_gating_friction,iOS,free
1079,u_204811,2026-06-28,1,aggressive_monetization,iOS,free
1080,u_207446,2026-06-09,4,addictive_generation_quality,iOS,free
1081,u_203178,2026-06-28,2,content_policy_too_strict,Android,free
1082,u_205557,2026-06-28,4,good_model_variety,Android,free
1083,u_203272,2026-03-19,1,credit_gating_friction,Android,free
1084,u_203108,2026-06-28,2,app_crash,iOS,pro_annual
1085,u_202212,2026-06-28,3,fast_results,iOS,free
1086,u_203069,2026-06-11,3,credit_gating_friction,iOS,free
1087,u_205015,2026-06-28,4,powerful_creative_toolset,iOS,pro_monthly
1088,u_203661,2026-06-28,5,addictive_generation_quality,iOS,free
1089,u_202363,2026-05-10,1,slow_generation,Android,free
1090,u_207028,2026-06-28,1,slow_generation,Android,free
1091,u_201973,2026-04-30,4,powerful_creative_toolset,Web,free
1092,u_202274,2026-06-16,5,fast_results,iOS,free
1093,u_200171,2026-06-28,5,powerful_creative_toolset,Android,free
1094,u_207588,2026-05-11,3,slow_generation,Android,pro_annual
1095,u_200273,2026-06-28,5,good_model_variety,Android,free
1096,u_202842,2026-06-17,5,good_model_variety,Android,free
1097,u_204462,2026-05-11,4,addictive_generation_quality,Web,free
1098,u_207886,2026-05-03,5,easy_to_use,iOS,free
1099,u_201451,2026-06-28,3,content_policy_too_strict,Android,free
1100,u_206205,2026-06-28,5,fast_results,Android,free
1101,u_201035,2026-04-25,4,good_model_variety,Android,free
1102,u_207322,2026-06-28,5,addictive_generation_quality,Android,pro_monthly
1103,u_207572,2026-06-28,2,credit_gating_friction,Android,free
1104,u_202166,2026-06-03,4,easy_to_use,iOS,free
1105,u_202139,2026-06-12,2,failed_generation_charged_credits,iOS,free
1106,u_200424,2026-06-28,5,fast_results,Android,free
1107,u_201275,2026-04-12,5,good_model_variety,iOS,free
1108,u_207480,2026-06-28,3,easy_to_use,iOS,free
1109,u_201134,2026-06-28,4,addictive_generation_quality,Android,free
1110,u_202765,2026-06-28,5,good_model_variety,Android,free
1111,u_206240,2026-05-30,5,good_model_variety,Android,free
1112,u_204313,2026-04-07,4,easy_to_use,Android,free
1113,u_202636,2026-05-05,4,addictive_generation_quality,Web,free
1114,u_205776,2026-06-28,5,fast_results,iOS,free
1115,u_203613,2026-06-28,5,easy_to_use,Android,free
1116,u_203571,2026-06-28,4,powerful_creative_toolset,Web,free
1117,u_205181,2026-06-28,5,fast_results,Android,free
1118,u_205415,2026-06-13,2,app_crash,Android,free
1119,u_200483,2026-06-28,4,fast_results,iOS,pro_monthly
1120,u_201599,2026-06-28,5,good_model_variety,Android,free
1121,u_206775,2026-04-19,5,fast_results,iOS,free
1122,u_201982,2026-06-28,5,powerful_creative_toolset,iOS,pro_monthly
1123,u_201182,2026-06-28,4,addictive_generation_quality,Web,pro_annual
1124,u_201633,2026-06-28,5,good_model_variety,iOS,free
1125,u_205342,2026-06-28,5,easy_to_use,Android,pro_annual
1126,u_206377,2026-06-28,4,fast_results,Web,free
1127,u_201983,2026-06-28,5,powerful_creative_toolset,Android,free
1128,u_204576,2026-06-28,5,fast_results,Android,free
1129,u_205860,2026-06-28,4,powerful_creative_toolset,Android,free
1130,u_204791,2026-06-27,2,credit_gating_friction,iOS,free
1131,u_205175,2026-06-28,3,slow_generation,iOS,free
1132,u_206264,2026-06-16,5,powerful_creative_toolset,Android,free
1133,u_203594,2026-06-24,5,powerful_creative_toolset,Web,pro_monthly
1134,u_206839,2026-04-24,3,good_model_variety,Android,free
1135,u_203513,2026-05-04,3,app_crash,Web,free
1136,u_200401,2026-06-28,4,fast_results,iOS,pro_annual
1137,u_207923,2026-06-23,5,addictive_generation_quality,Android,free
1138,u_203261,2026-06-28,3,good_model_variety,Web,free
1139,u_201997,2026-04-29,2,aggressive_monetization,Android,free
1140,u_200246,2026-05-02,4,fast_results,iOS,free
1141,u_207682,2026-06-28,5,powerful_creative_toolset,iOS,free
1142,u_206942,2026-06-28,4,powerful_creative_toolset,Web,free
1143,u_201911,2026-05-16,4,powerful_creative_toolset,iOS,pro_monthly
1144,u_203134,2026-06-28,2,aggressive_monetization,Web,free
1145,u_203670,2026-03-03,4,powerful_creative_toolset,Android,free
1146,u_200515,2026-05-18,3,credit_gating_friction,Android,free
1147,u_206897,2026-06-28,5,fast_results,Web,free
1148,u_201916,2026-04-23,3,easy_to_use,Android,free
1149,u_207966,2026-04-22,5,fast_results,iOS,pro_annual
1150,u_204752,2026-06-28,1,failed_generation_charged_credits,Web,free
1151,u_207418,2026-04-12,2,slow_generation,iOS,free
1152,u_207031,2026-05-28,5,good_model_variety,Android,free
1153,u_201377,2026-06-28,4,powerful_creative_toolset,iOS,pro_monthly
1154,u_207061,2026-06-28,2,app_crash,iOS,free
1155,u_207568,2026-05-04,4,easy_to_use,iOS,free
1156,u_200830,2026-03-31,5,fast_results,iOS,enterprise
1157,u_203596,2026-05-27,4,addictive_generation_quality,Android,free
1158,u_204117,2026-05-21,4,powerful_creative_toolset,iOS,free
1159,u_204370,2026-06-28,5,addictive_generation_quality,Web,pro_annual
1160,u_201762,2026-06-28,5,fast_results,Android,free
1161,u_207507,2026-06-28,5,easy_to_use,iOS,free
1162,u_202969,2026-06-28,3,content_policy_too_strict,Android,free
1163,u_205348,2026-06-28,3,fast_results,Web,free
1164,u_200907,2026-06-28,4,fast_results,Web,free
1165,u_202498,2026-06-09,4,good_model_variety,Android,free
1166,u_203755,2026-06-28,5,fast_results,Web,free
1167,u_200119,2026-06-28,5,fast_results,iOS,free
1168,u_200696,2026-05-19,5,fast_results,iOS,free
1169,u_204147,2026-06-21,5,powerful_creative_toolset,iOS,free
1170,u_204763,2026-06-06,5,powerful_creative_toolset,Web,free
1171,u_204719,2026-06-28,4,addictive_generation_quality,Android,free
1172,u_203187,2026-06-05,2,content_policy_too_strict,iOS,free
1173,u_200921,2026-06-28,5,powerful_creative_toolset,Web,free
1174,u_207087,2026-06-28,1,aggressive_monetization,Web,free
1175,u_207749,2026-05-25,4,fast_results,iOS,free
1176,u_201115,2026-06-28,5,good_model_variety,Android,free
1177,u_205204,2026-06-15,4,fast_results,iOS,free
1178,u_201923,2026-06-27,4,good_model_variety,Web,pro_annual
1179,u_207298,2026-05-21,3,fast_results,Web,free
1180,u_203275,2026-04-02,4,powerful_creative_toolset,Android,pro_monthly
1181,u_201238,2026-06-18,5,addictive_generation_quality,Web,free
1182,u_203097,2026-05-17,2,app_crash,Android,pro_monthly
1183,u_206381,2026-04-04,3,good_model_variety,iOS,free
1184,u_207990,2026-06-28,4,easy_to_use,Android,pro_monthly
1185,u_206679,2026-06-28,5,good_model_variety,iOS,free
1186,u_200550,2026-05-08,5,easy_to_use,iOS,pro_monthly
1187,u_201691,2026-06-28,4,good_model_variety,iOS,free
1188,u_201543,2026-06-28,4,good_model_variety,Android,free
1189,u_203732,2026-03-30,4,powerful_creative_toolset,iOS,free
1190,u_207841,2026-06-28,5,addictive_generation_quality,Android,free
1191,u_205363,2026-03-06,5,fast_results,Android,free
1192,u_203074,2026-05-10,4,powerful_creative_toolset,iOS,free
1193,u_201569,2026-05-06,4,powerful_creative_toolset,Android,free
1194,u_207764,2026-06-01,3,slow_generation,Android,free
1195,u_207671,2026-06-08,1,content_policy_too_strict,Web,pro_monthly
1196,u_205400,2026-06-28,5,good_model_variety,Android,free
1197,u_200114,2026-06-23,4,fast_results,iOS,free
1198,u_206243,2026-06-28,5,fast_results,iOS,free
1199,u_202824,2026-06-25,4,fast_results,iOS,free
1200,u_206098,2026-06-11,2,slow_generation,Android,free
1201,u_204632,2026-04-10,4,good_model_variety,Android,free
1202,u_200497,2026-03-20,4,fast_results,Android,free
1203,u_200884,2026-06-28,2,content_policy_too_strict,iOS,free
1204,u_207786,2026-05-31,4,fast_results,Web,free
1205,u_206460,2026-06-28,5,good_model_variety,Android,free
1206,u_204711,2026-06-12,5,addictive_generation_quality,Android,free
1207,u_206826,2026-06-10,5,fast_results,iOS,free
1208,u_204299,2026-06-28,4,powerful_creative_toolset,Android,free
1209,u_206093,2026-06-28,2,aggressive_monetization,Web,pro_monthly
1210,u_207839,2026-06-28,5,powerful_creative_toolset,iOS,free
1211,u_200648,2026-04-05,4,easy_to_use,iOS,free
1212,u_201330,2026-06-28,5,fast_results,iOS,free
1213,u_200394,2026-06-28,5,powerful_creative_toolset,Android,free
1214,u_206579,2026-06-28,5,easy_to_use,iOS,free
1215,u_200079,2026-06-28,5,powerful_creative_toolset,iOS,free
1216,u_206915,2026-06-01,2,failed_generation_charged_credits,iOS,free
1217,u_201485,2026-04-26,5,easy_to_use,Android,pro_monthly
1218,u_205349,2026-06-28,5,powerful_creative_toolset,iOS,free
1219,u_206457,2026-06-28,4,good_model_variety,Web,free
1220,u_202970,2026-06-28,1,aggressive_monetization,Android,free
1221,u_204783,2026-04-03,3,app_crash,Android,free
1222,u_204104,2026-06-14,4,addictive_generation_quality,Android,free
1223,u_204969,2026-05-19,4,fast_results,iOS,free
1224,u_201568,2026-04-05,3,good_model_variety,iOS,free
1225,u_202482,2026-06-28,1,failed_generation_charged_credits,Android,free
1226,u_204139,2026-04-27,5,easy_to_use,Android,free
1227,u_207805,2026-06-28,4,fast_results,Web,free
1228,u_201928,2026-06-28,1,app_crash,Android,pro_annual
1229,u_206384,2026-06-28,5,addictive_generation_quality,iOS,free
1230,u_207106,2026-06-28,3,addictive_generation_quality,Web,free
1231,u_201579,2026-05-18,4,addictive_generation_quality,Android,free
1232,u_200787,2026-06-28,5,addictive_generation_quality,iOS,free
1233,u_206487,2026-04-18,5,easy_to_use,Android,free
1234,u_201640,2026-05-24,1,credit_gating_friction,Android,free
1235,u_204346,2026-05-22,4,good_model_variety,Android,free
1236,u_205097,2026-06-28,5,fast_results,Android,free
1237,u_205914,2026-04-28,5,fast_results,iOS,free
1238,u_200527,2026-06-28,5,fast_results,iOS,free
1239,u_200320,2026-06-28,4,good_model_variety,Web,free
1240,u_204257,2026-04-11,4,powerful_creative_toolset,Android,free
1241,u_202370,2026-03-23,3,aggressive_monetization,iOS,free
1242,u_202558,2026-05-08,5,addictive_generation_quality,Web,free
1243,u_207098,2026-06-28,4,good_model_variety,iOS,pro_monthly
1244,u_207550,2026-06-28,4,powerful_creative_toolset,iOS,free
1245,u_203707,2026-05-20,5,good_model_variety,iOS,free
1246,u_201133,2026-06-14,4,powerful_creative_toolset,Android,free
1247,u_206512,2026-06-28,3,credit_gating_friction,Web,free
1248,u_203902,2026-03-28,5,powerful_creative_toolset,Android,free
1249,u_207193,2026-06-28,4,fast_results,Android,free
1250,u_203326,2026-06-02,3,credit_gating_friction,iOS,free
1251,u_200957,2026-05-08,2,slow_generation,Android,free
1252,u_200541,2026-06-28,5,fast_results,Web,free
1253,u_202468,2026-04-30,5,fast_results,iOS,free
1254,u_207577,2026-05-22,4,fast_results,Web,free
1255,u_203621,2026-06-28,5,fast_results,iOS,free
1256,u_205354,2026-06-28,1,slow_generation,Android,free
1257,u_201648,2026-06-28,2,credit_gating_friction,Android,free
1258,u_205048,2026-06-09,5,easy_to_use,iOS,free
1259,u_206110,2026-06-28,5,powerful_creative_toolset,iOS,free
1260,u_201437,2026-06-05,5,addictive_generation_quality,Android,free
1261,u_200585,2026-06-28,1,credit_gating_friction,iOS,free
1262,u_202045,2026-05-24,5,good_model_variety,Android,free
1263,u_206426,2026-06-28,5,fast_results,iOS,free
1264,u_205197,2026-05-13,5,powerful_creative_toolset,Android,pro_monthly
1265,u_202327,2026-05-09,3,slow_generation,iOS,free
1266,u_204429,2026-06-28,5,powerful_creative_toolset,Android,free
1267,u_202125,2026-06-28,5,fast_results,iOS,free
1268,u_207433,2026-06-22,3,powerful_creative_toolset,Android,free
1269,u_202277,2026-06-21,5,easy_to_use,iOS,free
1270,u_203511,2026-06-08,5,powerful_creative_toolset,Android,free
1271,u_207127,2026-06-28,3,fast_results,Android,pro_annual
1272,u_205005,2026-04-28,2,slow_generation,Android,free
1273,u_206278,2026-06-28,1,content_policy_too_strict,Web,free
1274,u_203505,2026-06-22,4,addictive_generation_quality,Android,free
1275,u_207957,2026-05-23,5,addictive_generation_quality,iOS,free
1276,u_201394,2026-06-26,5,fast_results,iOS,free
1277,u_201056,2026-06-23,1,content_policy_too_strict,iOS,free
1278,u_202576,2026-04-30,5,good_model_variety,iOS,pro_monthly
1279,u_206084,2026-06-28,4,fast_results,Android,free
1280,u_203081,2026-06-28,5,fast_results,Android,free
1281,u_206601,2026-05-02,5,good_model_variety,Android,free
1282,u_206366,2026-06-14,4,addictive_generation_quality,iOS,free
1283,u_205132,2026-06-28,5,addictive_generation_quality,Android,pro_annual
1284,u_202197,2026-06-28,5,easy_to_use,Web,free
1285,u_202060,2026-06-10,5,good_model_variety,Android,free
1286,u_204306,2026-06-28,3,powerful_creative_toolset,iOS,free
1287,u_201659,2026-06-28,5,good_model_variety,iOS,pro_monthly
1288,u_204679,2026-06-01,5,good_model_variety,iOS,enterprise
1289,u_207101,2026-05-28,5,easy_to_use,Web,free
1290,u_200100,2026-06-04,5,fast_results,Web,pro_monthly
1291,u_204800,2026-06-28,2,slow_generation,Web,free
1292,u_204699,2026-06-28,3,good_model_variety,iOS,free
1293,u_206197,2026-06-28,4,good_model_variety,iOS,free
1294,u_201396,2026-06-28,1,aggressive_monetization,Android,free
1295,u_202905,2026-06-12,4,easy_to_use,Android,free
1296,u_205352,2026-06-28,4,good_model_variety,iOS,pro_annual
1297,u_205495,2026-06-28,5,addictive_generation_quality,Android,free
1298,u_207936,2026-06-14,5,powerful_creative_toolset,Android,free
1299,u_206509,2026-05-24,5,addictive_generation_quality,iOS,pro_monthly
1300,u_202186,2026-05-12,4,fast_results,Android,free
1301,u_202214,2026-06-19,4,fast_results,Android,free
1302,u_203581,2026-06-28,2,aggressive_monetization,iOS,free
1303,u_207441,2026-06-05,4,easy_to_use,Android,free
1304,u_204910,2026-06-28,3,failed_generation_charged_credits,iOS,pro_annual
1305,u_207934,2026-06-17,4,easy_to_use,Android,free
1306,u_205822,2026-04-04,4,addictive_generation_quality,iOS,free
1307,u_205317,2026-05-05,5,easy_to_use,iOS,free
1308,u_201597,2026-06-28,4,addictive_generation_quality,iOS,pro_monthly
1309,u_206082,2026-06-12,2,credit_gating_friction,iOS,enterprise
1310,u_207847,2026-06-28,4,easy_to_use,Android,free
1311,u_202725,2026-06-28,5,fast_results,Android,free
1312,u_207895,2026-06-28,5,easy_to_use,iOS,free
1313,u_205961,2026-03-17,3,failed_generation_charged_credits,iOS,pro_annual
1314,u_206935,2026-06-28,4,fast_results,iOS,free
1315,u_201120,2026-06-28,4,fast_results,Android,free
1316,u_202543,2026-06-28,4,powerful_creative_toolset,Android,free
1317,u_205397,2026-04-26,3,aggressive_monetization,Android,pro_monthly
1318,u_207973,2026-05-19,1,failed_generation_charged_credits,iOS,free
1319,u_203509,2026-06-28,4,easy_to_use,Android,free
1320,u_207809,2026-03-31,2,slow_generation,Android,free
1321,u_205490,2026-06-28,1,failed_generation_charged_credits,iOS,free
1322,u_207579,2026-05-21,5,easy_to_use,iOS,pro_annual
1323,u_200418,2026-06-28,4,good_model_variety,iOS,free
1324,u_200834,2026-05-09,5,good_model_variety,iOS,free
1325,u_204210,2026-04-25,5,easy_to_use,iOS,free
1326,u_201532,2026-03-30,4,powerful_creative_toolset,iOS,free
1327,u_204611,2026-05-04,5,powerful_creative_toolset,iOS,free
1328,u_205017,2026-03-22,1,aggressive_monetization,Web,free
1329,u_204934,2026-06-28,4,powerful_creative_toolset,Web,free
1330,u_206789,2026-06-28,5,easy_to_use,Android,free
1331,u_202643,2026-06-28,5,easy_to_use,Android,pro_monthly
1332,u_203782,2026-04-23,1,aggressive_monetization,Android,pro_monthly
1333,u_203395,2026-06-28,1,content_policy_too_strict,Web,free
1334,u_203844,2026-06-28,5,good_model_variety,iOS,free
1335,u_207815,2026-04-12,4,addictive_generation_quality,Android,free
1336,u_200231,2026-04-15,4,good_model_variety,Web,pro_annual
1337,u_207397,2026-06-28,4,easy_to_use,iOS,free
1338,u_202419,2026-05-04,2,credit_gating_friction,iOS,free
1339,u_206473,2026-06-28,1,aggressive_monetization,iOS,free
1340,u_206328,2026-06-28,1,credit_gating_friction,Android,pro_monthly
1341,u_204506,2026-04-19,4,fast_results,iOS,free
1342,u_201206,2026-06-28,5,addictive_generation_quality,iOS,free
1343,u_200466,2026-06-28,4,good_model_variety,Android,pro_monthly
1344,u_204035,2026-06-28,3,powerful_creative_toolset,Android,free
1345,u_200985,2026-05-20,2,app_crash,Android,free
1346,u_200705,2026-06-28,4,easy_to_use,iOS,free
1347,u_207653,2026-06-28,3,powerful_creative_toolset,iOS,pro_monthly
1348,u_204213,2026-06-28,5,powerful_creative_toolset,Web,free
1349,u_200221,2026-06-28,5,fast_results,iOS,pro_monthly
1350,u_200115,2026-05-28,5,easy_to_use,iOS,free
1351,u_201070,2026-04-26,5,good_model_variety,Web,free
1352,u_201165,2026-06-28,4,addictive_generation_quality,Android,free
1353,u_207091,2026-05-05,4,good_model_variety,Android,free
1354,u_206211,2026-06-28,4,easy_to_use,iOS,free
1355,u_202146,2026-06-28,3,app_crash,iOS,free
1356,u_207073,2026-06-28,5,good_model_variety,Android,free
1357,u_207515,2026-06-17,5,easy_to_use,Web,pro_monthly
1358,u_201337,2026-06-11,4,powerful_creative_toolset,Android,free
1359,u_206587,2026-06-19,5,easy_to_use,iOS,free
1360,u_200922,2026-06-28,4,fast_results,Web,free
1361,u_205677,2026-06-28,5,powerful_creative_toolset,Android,free
1362,u_206745,2026-06-17,3,slow_generation,Android,free
1363,u_202967,2026-05-28,1,slow_generation,Web,pro_monthly
1364,u_204927,2026-06-28,1,slow_generation,iOS,free
1365,u_201028,2026-05-31,5,easy_to_use,Android,free
1366,u_206285,2026-06-28,3,fast_results,Android,free
1367,u_207478,2026-06-28,4,powerful_creative_toolset,Web,free
1368,u_200828,2026-06-28,2,slow_generation,Web,pro_monthly
1369,u_207824,2026-06-28,4,powerful_creative_toolset,Android,free
1370,u_207206,2026-05-08,5,addictive_generation_quality,Android,free
1371,u_202123,2026-06-28,4,powerful_creative_toolset,Android,free
1372,u_205990,2026-06-24,5,good_model_variety,Android,free
1373,u_205564,2026-06-28,5,addictive_generation_quality,Android,pro_monthly
1374,u_201789,2026-06-28,1,aggressive_monetization,iOS,pro_annual
1375,u_203253,2026-06-22,5,addictive_generation_quality,Android,free
1376,u_201852,2026-03-28,3,good_model_variety,Web,pro_annual
1377,u_202700,2026-06-28,4,fast_results,Android,free
1378,u_207419,2026-06-28,4,addictive_generation_quality,iOS,free
1379,u_201771,2026-06-28,3,addictive_generation_quality,Android,free
1380,u_202017,2026-06-28,5,easy_to_use,Android,free
1381,u_207283,2026-06-28,5,good_model_variety,iOS,free
1382,u_201210,2026-05-13,1,credit_gating_friction,Android,free
1383,u_202224,2026-06-28,4,good_model_variety,iOS,pro_monthly
1384,u_201516,2026-06-28,2,content_policy_too_strict,Android,pro_monthly
1385,u_202736,2026-06-20,4,fast_results,Android,pro_annual
1386,u_207702,2026-06-20,2,app_crash,Web,pro_monthly
1387,u_203993,2026-03-26,5,fast_results,Android,free
1388,u_201175,2026-06-28,1,failed_generation_charged_credits,iOS,pro_monthly
1389,u_201578,2026-06-04,4,easy_to_use,Android,free
1390,u_203940,2026-05-21,5,fast_results,Android,free
1391,u_206752,2026-05-07,2,credit_gating_friction,Android,free
1392,u_203406,2026-03-25,5,powerful_creative_toolset,iOS,free
1393,u_204798,2026-06-28,4,addictive_generation_quality,iOS,free
1394,u_200367,2026-06-28,5,fast_results,iOS,free
1395,u_202462,2026-06-28,5,fast_results,Android,pro_monthly
1396,u_206828,2026-06-28,2,credit_gating_friction,iOS,free
1397,u_200953,2026-06-28,3,good_model_variety,iOS,free
1398,u_200578,2026-06-28,5,fast_results,Android,pro_monthly
1399,u_206590,2026-06-28,5,addictive_generation_quality,Android,free
1400,u_206210,2026-06-28,4,powerful_creative_toolset,Web,free
1401,u_201797,2026-06-25,4,easy_to_use,Web,free
1402,u_202340,2026-06-28,4,good_model_variety,Web,free
1403,u_203740,2026-06-21,3,credit_gating_friction,Android,free
1404,u_205934,2026-06-25,4,powerful_creative_toolset,iOS,free
1405,u_207386,2026-06-28,4,fast_results,Web,free
1406,u_200073,2026-06-22,5,fast_results,iOS,free
1407,u_202505,2026-06-05,1,slow_generation,Android,free
1408,u_202004,2026-06-15,5,fast_results,iOS,free
1409,u_201234,2026-06-28,4,easy_to_use,Android,free
1410,u_205798,2026-06-28,5,addictive_generation_quality,Android,free
1411,u_204954,2026-06-28,5,addictive_generation_quality,Web,free
1412,u_206299,2026-06-26,4,good_model_variety,iOS,pro_monthly
1413,u_205222,2026-05-18,5,fast_results,Web,free
1414,u_202129,2026-06-14,4,fast_results,Android,free
1415,u_203641,2026-06-28,2,slow_generation,Android,free
1416,u_205088,2026-06-28,5,powerful_creative_toolset,Android,free
1417,u_205011,2026-04-29,4,good_model_variety,iOS,free
1418,u_207612,2026-05-16,5,fast_results,Android,pro_monthly
1419,u_202057,2026-06-28,4,fast_results,iOS,free
1420,u_205887,2026-06-28,2,content_policy_too_strict,Web,free
1421,u_203176,2026-05-03,5,good_model_variety,iOS,free
1422,u_206622,2026-06-28,4,good_model_variety,Android,free
1423,u_200021,2026-05-16,5,powerful_creative_toolset,iOS,free
1424,u_201241,2026-05-06,5,good_model_variety,iOS,pro_annual
1425,u_202335,2026-06-28,4,fast_results,iOS,free
1426,u_207096,2026-06-28,4,good_model_variety,Android,free
1427,u_206213,2026-06-28,4,powerful_creative_toolset,iOS,free
1428,u_203091,2026-06-05,5,fast_results,iOS,free
1429,u_203718,2026-04-04,4,fast_results,iOS,free
1430,u_204782,2026-06-28,2,failed_generation_charged_credits,Android,free
1431,u_201152,2026-06-28,4,easy_to_use,Android,free
1432,u_203385,2026-06-28,4,addictive_generation_quality,Android,pro_annual
1433,u_203397,2026-06-28,5,addictive_generation_quality,iOS,free
1434,u_203922,2026-06-28,2,content_policy_too_strict,Web,free
1435,u_203617,2026-04-05,4,addictive_generation_quality,iOS,free
1436,u_200859,2026-05-18,5,fast_results,iOS,free
1437,u_205447,2026-06-28,5,addictive_generation_quality,Android,free
1438,u_204068,2026-06-28,5,addictive_generation_quality,iOS,free
1439,u_207995,2026-04-15,3,good_model_variety,Android,free
