post_id,user_id,post_date,feature,likes,comments,follows_gained
0,u_200000,2026-04-17,text_to_image,103,4,0
1,u_200003,2026-05-08,text_to_image,15,1,0
2,u_200009,2026-05-30,object_remover,3,0,1
3,u_200009,2026-04-25,text_to_image,22,5,0
4,u_200012,2026-05-23,text_to_image,18,1,0
5,u_200014,2026-05-31,flyer_poster_maker,1,0,1
6,u_200015,2026-06-22,text_to_image,14,0,0
7,u_200018,2026-05-19,text_to_image,77,1,0
8,u_200024,2026-05-20,style_transfer,19,0,0
9,u_200033,2026-05-01,background_remover,12,2,1
10,u_200034,2026-06-27,tattoo_generator,16,0,0
11,u_200042,2026-04-27,flyer_poster_maker,23,0,0
12,u_200049,2026-06-21,flyer_poster_maker,11,0,0
13,u_200055,2026-06-25,ai_headshot,1,1,0
14,u_200059,2026-05-16,outpaint_expand,0,1,0
15,u_200060,2026-06-23,text_to_image,2,0,0
16,u_200066,2026-05-14,logo_maker,48,1,0
17,u_200070,2026-03-27,image_to_image,11,0,1
18,u_200073,2026-06-28,tattoo_generator,12,1,0
19,u_200078,2026-05-13,image_to_image,19,0,1
20,u_200086,2026-05-12,image_to_image,46,1,2
21,u_200088,2026-05-02,text_to_image,3,1,0
22,u_200091,2026-06-21,video_generation,25,0,0
23,u_200094,2026-04-30,upscaler_4k8k,26,0,0
24,u_200095,2026-06-17,avatar_generator,25,0,1
25,u_200104,2026-05-24,logo_maker,4,1,0
26,u_200105,2026-04-05,image_to_image,15,0,0
27,u_200109,2026-06-26,text_to_image,20,3,0
28,u_200110,2026-05-31,image_to_image,26,0,1
29,u_200111,2026-06-13,ai_headshot,10,1,0
30,u_200115,2026-03-05,upscaler_4k8k,39,1,2
31,u_200117,2026-05-28,ai_headshot,101,1,0
32,u_200118,2026-05-21,text_to_image,8,0,0
33,u_200119,2026-06-24,outpaint_expand,3,0,0
34,u_200121,2026-06-06,image_to_image,1,2,0
35,u_200123,2026-05-28,text_to_image,10,0,0
36,u_200126,2026-05-01,logo_maker,36,2,0
37,u_200130,2026-04-16,upscaler_4k8k,11,0,1
38,u_200135,2026-05-30,background_remover,25,8,0
39,u_200138,2026-06-14,logo_maker,5,0,2
40,u_200140,2026-04-30,background_remover,39,0,1
41,u_200148,2026-04-16,text_to_image,27,3,0
42,u_200151,2026-05-07,outpaint_expand,18,0,1
43,u_200157,2026-05-05,object_remover,9,2,0
44,u_200159,2026-05-06,background_remover,19,0,0
45,u_200169,2026-04-27,image_to_image,9,3,0
46,u_200170,2026-06-24,text_to_image,0,1,0
47,u_200173,2026-06-15,upscaler_4k8k,6,2,0
48,u_200174,2026-06-22,upscaler_4k8k,31,1,0
49,u_200176,2026-04-21,text_to_image,29,1,0
50,u_200181,2026-06-06,background_remover,3,1,0
51,u_200187,2026-06-09,logo_maker,3,1,0
52,u_200187,2026-05-14,upscaler_4k8k,19,1,0
53,u_200193,2026-06-24,text_to_image,3,0,0
54,u_200199,2026-06-12,image_to_image,34,1,0
55,u_200221,2026-05-01,object_remover,30,0,0
56,u_200221,2026-05-07,text_to_image,30,2,0
57,u_200221,2026-06-15,background_remover,2,1,0
58,u_200225,2026-04-01,image_to_image,22,0,0
59,u_200228,2026-05-12,image_to_image,5,0,0
60,u_200228,2026-05-03,background_remover,19,3,1
61,u_200231,2026-05-09,background_remover,58,1,0
62,u_200240,2026-04-30,video_generation,28,10,0
63,u_200240,2026-05-07,interior_design,15,1,0
64,u_200253,2026-04-25,upscaler_4k8k,2,6,0
65,u_200256,2026-05-23,text_to_image,6,4,0
66,u_200256,2026-06-08,text_to_image,6,0,0
67,u_200270,2026-05-01,text_to_image,3,0,0
68,u_200285,2026-06-14,video_generation,4,4,0
69,u_200289,2026-06-20,avatar_generator,15,2,0
70,u_200292,2026-06-13,object_remover,3,0,0
71,u_200296,2026-04-09,object_remover,10,2,0
72,u_200304,2026-05-27,image_to_image,19,0,0
73,u_200304,2026-05-28,logo_maker,3,0,0
74,u_200312,2026-06-14,text_to_image,4,0,1
75,u_200319,2026-05-01,video_generation,4,0,0
76,u_200323,2026-06-24,ai_headshot,6,0,0
77,u_200333,2026-06-02,video_generation,53,5,2
78,u_200335,2026-05-22,image_to_image,3,0,0
79,u_200335,2026-05-06,background_remover,26,0,0
80,u_200344,2026-06-09,ai_headshot,6,1,0
81,u_200348,2026-04-30,image_to_image,32,6,2
82,u_200352,2026-06-21,text_to_image,14,0,1
83,u_200353,2026-05-14,text_to_image,17,0,0
84,u_200358,2026-05-01,image_to_image,12,8,0
85,u_200377,2026-04-12,text_to_image,31,0,0
86,u_200380,2026-06-18,tattoo_generator,55,0,0
87,u_200384,2026-05-20,outpaint_expand,16,2,0
88,u_200388,2026-06-02,image_to_image,21,0,0
89,u_200397,2026-05-29,text_to_image,12,2,0
90,u_200398,2026-06-10,image_to_image,31,0,0
91,u_200399,2026-05-17,tattoo_generator,23,2,0
92,u_200401,2026-06-20,text_to_image,13,2,0
93,u_200403,2026-06-25,style_transfer,17,3,0
94,u_200429,2026-06-08,style_transfer,44,0,0
95,u_200435,2026-06-25,outpaint_expand,2,2,1
96,u_200440,2026-05-08,text_to_image,7,6,0
97,u_200441,2026-04-29,text_to_image,24,0,0
98,u_200441,2026-06-21,image_to_image,26,2,1
99,u_200445,2026-04-08,image_to_image,22,0,0
100,u_200447,2026-03-16,ai_headshot,8,0,0
101,u_200457,2026-06-19,outpaint_expand,17,0,0
102,u_200457,2026-06-18,upscaler_4k8k,2,0,1
103,u_200457,2026-06-09,tattoo_generator,8,1,0
104,u_200457,2026-05-14,style_transfer,1,1,0
105,u_200464,2026-06-01,ai_headshot,8,6,0
106,u_200469,2026-04-13,interior_design,28,3,0
107,u_200471,2026-04-22,image_to_image,13,0,0
108,u_200472,2026-05-31,text_to_image,28,9,1
109,u_200474,2026-04-10,style_transfer,8,2,0
110,u_200475,2026-04-26,outpaint_expand,2,2,0
111,u_200481,2026-04-21,outpaint_expand,17,2,0
112,u_200489,2026-05-25,flyer_poster_maker,16,6,2
113,u_200491,2026-05-14,upscaler_4k8k,22,1,0
114,u_200499,2026-03-24,text_to_image,1,0,0
115,u_200499,2026-03-31,object_remover,21,1,0
116,u_200506,2026-05-16,background_remover,3,1,0
117,u_200507,2026-06-05,outpaint_expand,33,2,0
118,u_200516,2026-05-27,background_remover,4,1,0
119,u_200520,2026-06-18,ai_headshot,1,0,0
120,u_200537,2026-06-17,text_to_image,3,1,0
121,u_200537,2026-05-28,ai_headshot,6,3,1
122,u_200544,2026-06-21,style_transfer,4,0,0
123,u_200548,2026-05-15,text_to_image,2,0,0
124,u_200559,2026-06-20,text_to_image,7,3,0
125,u_200563,2026-05-05,upscaler_4k8k,29,2,0
126,u_200565,2026-04-20,avatar_generator,5,0,0
127,u_200567,2026-06-22,style_transfer,23,0,0
128,u_200567,2026-05-19,video_generation,2,6,0
129,u_200568,2026-06-26,ai_headshot,47,0,1
130,u_200570,2026-06-27,ai_headshot,20,0,0
131,u_200572,2026-03-27,background_remover,4,3,0
132,u_200576,2026-06-25,text_to_image,5,6,0
133,u_200576,2026-06-02,outpaint_expand,0,0,0
134,u_200578,2026-05-29,style_transfer,3,0,0
135,u_200578,2026-06-28,object_remover,7,1,0
136,u_200580,2026-05-31,background_remover,11,0,1
137,u_200582,2026-03-23,image_to_image,4,3,0
138,u_200583,2026-04-01,ai_headshot,4,1,0
139,u_200583,2026-04-26,text_to_image,23,1,0
140,u_200584,2026-05-17,text_to_image,17,0,2
141,u_200590,2026-06-21,upscaler_4k8k,6,6,0
142,u_200591,2026-06-16,style_transfer,10,3,0
143,u_200591,2026-06-25,style_transfer,53,0,1
144,u_200592,2026-05-24,style_transfer,5,1,0
145,u_200595,2026-06-04,text_to_image,5,4,0
146,u_200597,2026-05-25,image_to_image,3,1,0
147,u_200600,2026-05-06,image_to_image,13,0,0
148,u_200602,2026-06-07,style_transfer,1,3,1
149,u_200602,2026-05-17,image_to_image,24,0,0
150,u_200608,2026-04-16,image_to_image,5,7,0
151,u_200614,2026-06-07,upscaler_4k8k,55,0,0
152,u_200614,2026-04-14,style_transfer,5,1,0
153,u_200615,2026-05-25,ai_headshot,16,1,0
154,u_200617,2026-05-05,avatar_generator,10,0,0
155,u_200619,2026-04-16,text_to_image,15,0,0
156,u_200624,2026-06-01,object_remover,25,3,1
157,u_200632,2026-05-14,image_to_image,41,0,0
158,u_200633,2026-06-27,text_to_image,20,0,0
159,u_200635,2026-06-20,text_to_image,5,1,1
160,u_200635,2026-05-26,text_to_image,12,3,0
161,u_200647,2026-06-08,text_to_image,3,0,0
162,u_200648,2026-04-14,background_remover,47,1,0
163,u_200648,2026-04-30,upscaler_4k8k,3,0,0
164,u_200663,2026-06-22,text_to_image,6,0,0
165,u_200665,2026-06-18,video_generation,16,1,3
166,u_200672,2026-04-25,style_transfer,36,4,0
167,u_200689,2026-04-16,upscaler_4k8k,8,1,0
168,u_200689,2026-03-28,style_transfer,24,0,0
169,u_200690,2026-06-09,style_transfer,51,0,0
170,u_200692,2026-04-23,text_to_image,19,1,0
171,u_200694,2026-06-22,text_to_image,6,0,0
172,u_200694,2026-06-06,ai_headshot,13,3,0
173,u_200695,2026-04-06,flyer_poster_maker,7,4,1
174,u_200695,2026-05-17,object_remover,22,1,0
175,u_200696,2026-05-14,text_to_image,35,0,0
176,u_200700,2026-06-12,object_remover,44,0,1
177,u_200701,2026-06-15,ai_headshot,11,1,0
178,u_200701,2026-05-10,style_transfer,0,0,0
179,u_200704,2026-06-04,outpaint_expand,4,0,0
180,u_200706,2026-06-17,video_generation,42,0,0
181,u_200709,2026-06-13,outpaint_expand,13,5,0
182,u_200713,2026-06-26,text_to_image,11,2,0
183,u_200717,2026-04-19,flyer_poster_maker,2,0,1
184,u_200718,2026-05-27,image_to_image,34,1,0
185,u_200721,2026-06-27,outpaint_expand,9,0,0
186,u_200722,2026-04-05,product_mockup,17,1,0
187,u_200725,2026-05-18,style_transfer,10,3,0
188,u_200726,2026-03-25,video_generation,26,0,0
189,u_200744,2026-04-28,object_remover,8,0,0
190,u_200744,2026-06-02,style_transfer,7,0,0
191,u_200747,2026-06-17,logo_maker,23,0,1
192,u_200755,2026-06-20,text_to_image,13,2,0
193,u_200761,2026-06-17,upscaler_4k8k,1,6,0
194,u_200761,2026-06-28,text_to_image,33,5,1
195,u_200762,2026-05-10,upscaler_4k8k,33,4,0
196,u_200765,2026-06-16,style_transfer,4,0,1
197,u_200766,2026-04-26,image_to_image,6,0,0
198,u_200769,2026-05-20,object_remover,15,2,0
199,u_200769,2026-05-05,background_remover,4,0,0
200,u_200773,2026-04-14,background_remover,3,1,0
201,u_200775,2026-06-14,video_generation,12,4,0
202,u_200778,2026-04-09,image_to_image,1,1,0
203,u_200782,2026-06-06,text_to_image,18,4,0
204,u_200787,2026-06-25,style_transfer,30,0,0
205,u_200797,2026-05-29,image_to_image,27,0,0
206,u_200800,2026-06-17,text_to_image,1,0,0
207,u_200807,2026-05-25,image_to_image,7,2,0
208,u_200808,2026-06-17,style_transfer,4,0,0
209,u_200809,2026-06-14,background_remover,15,5,0
210,u_200810,2026-04-16,background_remover,37,0,1
211,u_200811,2026-04-22,ai_headshot,12,0,0
212,u_200812,2026-06-12,image_to_image,2,2,1
213,u_200812,2026-04-12,interior_design,3,0,1
214,u_200813,2026-06-28,video_generation,7,0,0
215,u_200818,2026-05-22,background_remover,3,0,0
216,u_200819,2026-03-18,avatar_generator,1,0,0
217,u_200822,2026-04-29,background_remover,11,2,1
218,u_200824,2026-04-07,product_mockup,11,0,0
219,u_200830,2026-03-21,text_to_image,15,0,0
220,u_200830,2026-04-07,style_transfer,4,0,1
221,u_200830,2026-04-07,ai_headshot,14,3,0
222,u_200830,2026-06-03,video_generation,29,1,0
223,u_200830,2026-03-26,text_to_image,18,1,0
224,u_200832,2026-04-22,outpaint_expand,7,0,0
225,u_200837,2026-04-14,tattoo_generator,30,0,1
226,u_200841,2026-05-28,logo_maker,17,0,0
227,u_200851,2026-05-21,text_to_image,14,2,0
228,u_200852,2026-05-09,avatar_generator,2,0,0
229,u_200853,2026-03-30,avatar_generator,32,1,0
230,u_200857,2026-06-14,video_generation,6,0,0
231,u_200860,2026-06-08,image_to_image,12,2,0
232,u_200873,2026-06-21,background_remover,5,4,0
233,u_200874,2026-06-26,flyer_poster_maker,1,0,0
234,u_200874,2026-06-06,flyer_poster_maker,4,3,0
235,u_200875,2026-03-29,avatar_generator,11,1,0
236,u_200877,2026-04-16,image_to_image,33,8,0
237,u_200878,2026-06-12,ai_headshot,14,2,0
238,u_200880,2026-05-02,text_to_image,30,0,0
239,u_200897,2026-06-03,upscaler_4k8k,2,0,1
240,u_200904,2026-05-16,logo_maker,25,2,0
241,u_200908,2026-06-21,image_to_image,47,3,0
242,u_200930,2026-04-04,upscaler_4k8k,6,1,0
243,u_200931,2026-06-14,text_to_image,0,0,0
244,u_200931,2026-05-12,outpaint_expand,26,0,0
245,u_200934,2026-04-06,text_to_image,41,1,0
246,u_200939,2026-06-08,image_to_image,27,0,0
247,u_200940,2026-06-18,style_transfer,20,0,0
248,u_200940,2026-03-22,text_to_image,25,6,1
249,u_200940,2026-04-19,style_transfer,2,5,0
250,u_200947,2026-06-19,ai_headshot,2,0,0
251,u_200947,2026-04-19,text_to_image,31,1,0
252,u_200948,2026-05-18,text_to_image,7,0,1
253,u_200948,2026-06-16,upscaler_4k8k,5,0,0
254,u_200951,2026-05-03,object_remover,1,3,0
255,u_200960,2026-05-20,video_generation,5,5,0
256,u_200961,2026-05-30,video_generation,5,0,0
257,u_200965,2026-06-02,flyer_poster_maker,3,0,0
258,u_200981,2026-06-22,style_transfer,12,4,0
259,u_201004,2026-04-10,ai_headshot,11,0,0
260,u_201006,2026-05-18,background_remover,12,3,0
261,u_201008,2026-05-20,style_transfer,4,0,0
262,u_201010,2026-05-20,product_mockup,0,0,0
263,u_201010,2026-06-14,image_to_image,19,1,0
264,u_201010,2026-05-30,logo_maker,8,3,0
265,u_201011,2026-05-01,upscaler_4k8k,23,3,0
266,u_201012,2026-06-09,image_to_image,57,2,1
267,u_201014,2026-05-10,text_to_image,0,1,0
268,u_201014,2026-05-21,image_to_image,16,0,0
269,u_201023,2026-04-09,video_generation,0,0,0
270,u_201027,2026-05-28,text_to_image,8,1,2
271,u_201028,2026-04-24,text_to_image,3,1,0
272,u_201038,2026-06-21,upscaler_4k8k,45,2,1
273,u_201040,2026-06-08,flyer_poster_maker,0,2,0
274,u_201041,2026-05-10,object_remover,12,0,1
275,u_201043,2026-05-26,ai_headshot,6,1,1
276,u_201048,2026-06-11,text_to_image,6,0,1
277,u_201063,2026-06-18,style_transfer,0,0,1
278,u_201063,2026-03-20,avatar_generator,5,1,0
279,u_201064,2026-06-22,flyer_poster_maker,10,6,0
280,u_201073,2026-03-28,image_to_image,9,1,0
281,u_201074,2026-03-18,text_to_image,1,10,0
282,u_201075,2026-06-17,ai_headshot,30,6,1
283,u_201080,2026-03-29,text_to_image,34,0,1
284,u_201080,2026-03-10,ai_headshot,5,0,0
285,u_201080,2026-06-17,style_transfer,12,0,0
286,u_201092,2026-06-05,ai_headshot,47,0,0
287,u_201093,2026-04-13,product_mockup,1,0,0
288,u_201098,2026-05-17,object_remover,37,3,0
289,u_201102,2026-04-17,style_transfer,9,2,2
290,u_201104,2026-06-03,logo_maker,38,1,0
291,u_201112,2026-05-11,image_to_image,32,0,0
292,u_201113,2026-03-12,text_to_image,16,0,0
293,u_201113,2026-05-05,upscaler_4k8k,9,0,0
294,u_201113,2026-03-21,text_to_image,4,0,0
295,u_201113,2026-03-22,ai_headshot,26,0,0
296,u_201124,2026-06-18,style_transfer,6,1,1
297,u_201128,2026-06-27,background_remover,7,1,0
298,u_201133,2026-03-23,object_remover,31,0,0
299,u_201146,2026-06-18,video_generation,50,0,0
300,u_201146,2026-06-22,text_to_image,4,0,0
301,u_201149,2026-04-30,text_to_image,18,0,0
302,u_201149,2026-04-26,image_to_image,19,1,0
303,u_201149,2026-04-09,ai_headshot,51,2,0
304,u_201151,2026-05-22,video_generation,12,2,1
305,u_201154,2026-05-29,text_to_image,62,3,0
306,u_201156,2026-05-05,outpaint_expand,4,5,0
307,u_201162,2026-04-14,text_to_image,3,0,0
308,u_201162,2026-06-13,image_to_image,23,0,0
309,u_201162,2026-03-14,background_remover,31,1,0
310,u_201166,2026-04-17,upscaler_4k8k,16,0,0
311,u_201169,2026-06-21,text_to_image,23,0,0
312,u_201175,2026-04-10,text_to_image,3,4,0
313,u_201175,2026-04-08,object_remover,21,1,0
314,u_201177,2026-04-26,ai_headshot,30,0,0
315,u_201178,2026-05-25,text_to_image,8,0,0
316,u_201179,2026-05-17,ai_headshot,51,1,0
317,u_201180,2026-06-22,image_to_image,17,2,0
318,u_201182,2026-05-27,image_to_image,27,0,1
319,u_201185,2026-06-07,text_to_image,6,2,0
320,u_201200,2026-05-05,interior_design,1,0,0
321,u_201202,2026-05-03,video_generation,4,2,0
322,u_201205,2026-05-18,avatar_generator,17,4,0
323,u_201216,2026-05-20,style_transfer,46,0,0
324,u_201227,2026-05-21,ai_headshot,6,0,0
325,u_201228,2026-05-01,background_remover,45,0,0
326,u_201232,2026-06-09,video_generation,6,0,1
327,u_201236,2026-05-06,image_to_image,18,1,2
328,u_201238,2026-06-21,object_remover,9,0,0
329,u_201241,2026-06-25,text_to_image,28,0,0
330,u_201243,2026-03-09,style_transfer,7,0,3
331,u_201249,2026-05-01,avatar_generator,16,1,0
332,u_201250,2026-04-20,outpaint_expand,2,8,0
333,u_201255,2026-05-03,text_to_image,0,0,0
334,u_201279,2026-05-11,object_remover,61,0,0
335,u_201284,2026-06-10,text_to_image,0,0,0
336,u_201286,2026-04-05,logo_maker,3,7,0
337,u_201288,2026-06-23,ai_headshot,27,5,0
338,u_201289,2026-03-07,text_to_image,5,3,0
339,u_201295,2026-05-30,image_to_image,17,6,0
340,u_201296,2026-03-15,outpaint_expand,18,0,0
341,u_201299,2026-04-23,image_to_image,22,2,0
342,u_201301,2026-06-07,background_remover,8,0,0
343,u_201302,2026-05-27,text_to_image,36,0,0
344,u_201306,2026-06-27,text_to_image,28,0,0
345,u_201308,2026-03-15,video_generation,0,1,1
346,u_201309,2026-06-23,image_to_image,5,1,1
347,u_201311,2026-05-13,text_to_image,16,0,0
348,u_201314,2026-05-10,image_to_image,29,0,0
349,u_201316,2026-06-24,text_to_image,5,0,0
350,u_201316,2026-06-11,text_to_image,31,0,0
351,u_201318,2026-05-16,video_generation,0,0,2
352,u_201327,2026-06-14,video_generation,18,3,0
353,u_201328,2026-06-25,tattoo_generator,21,0,0
354,u_201328,2026-06-19,ai_headshot,0,6,0
355,u_201329,2026-03-09,background_remover,6,1,0
356,u_201334,2026-04-07,background_remover,17,4,0
357,u_201336,2026-06-15,upscaler_4k8k,2,0,0
358,u_201341,2026-05-15,video_generation,2,0,0
359,u_201344,2026-05-13,outpaint_expand,25,0,0
360,u_201354,2026-05-28,background_remover,33,4,0
361,u_201367,2026-06-09,upscaler_4k8k,11,1,0
362,u_201375,2026-05-29,text_to_image,16,1,0
363,u_201378,2026-05-21,logo_maker,32,0,1
364,u_201378,2026-03-31,style_transfer,12,0,0
365,u_201378,2026-06-04,style_transfer,28,0,0
366,u_201383,2026-04-30,flyer_poster_maker,14,2,0
367,u_201385,2026-06-25,text_to_image,5,2,0
368,u_201396,2026-06-08,video_generation,72,0,1
369,u_201397,2026-05-20,background_remover,2,6,1
370,u_201398,2026-06-09,style_transfer,5,2,0
371,u_201398,2026-04-18,upscaler_4k8k,23,3,1
372,u_201398,2026-06-02,style_transfer,42,2,0
373,u_201406,2026-05-02,style_transfer,5,3,1
374,u_201408,2026-04-21,text_to_image,2,1,0
375,u_201409,2026-05-24,outpaint_expand,34,3,1
376,u_201414,2026-06-21,style_transfer,8,8,0
377,u_201417,2026-03-26,style_transfer,35,1,0
378,u_201417,2026-03-28,text_to_image,24,3,0
379,u_201420,2026-04-29,upscaler_4k8k,4,4,0
380,u_201421,2026-04-08,outpaint_expand,26,3,0
381,u_201422,2026-05-18,ai_headshot,40,1,0
382,u_201422,2026-06-11,image_to_image,2,0,1
383,u_201435,2026-06-18,style_transfer,6,0,0
384,u_201437,2026-05-06,image_to_image,48,4,0
385,u_201441,2026-05-01,video_generation,10,4,0
386,u_201442,2026-06-12,object_remover,2,4,0
387,u_201446,2026-04-24,text_to_image,43,0,0
388,u_201449,2026-05-29,text_to_image,13,0,0
389,u_201451,2026-04-30,image_to_image,19,5,0
390,u_201459,2026-03-07,style_transfer,15,3,0
391,u_201468,2026-06-08,ai_headshot,30,0,0
392,u_201473,2026-05-06,style_transfer,4,1,0
393,u_201478,2026-05-06,text_to_image,25,0,0
394,u_201480,2026-06-17,text_to_image,11,2,0
395,u_201491,2026-06-22,video_generation,5,0,0
396,u_201491,2026-05-12,background_remover,5,3,0
397,u_201495,2026-06-05,ai_headshot,4,3,0
398,u_201505,2026-05-15,logo_maker,3,6,0
399,u_201507,2026-06-08,text_to_image,20,0,0
400,u_201508,2026-04-06,avatar_generator,17,3,0
401,u_201508,2026-03-27,text_to_image,4,3,1
402,u_201509,2026-05-26,video_generation,23,1,0
403,u_201510,2026-06-05,logo_maker,3,8,0
404,u_201511,2026-04-07,outpaint_expand,1,1,0
405,u_201515,2026-05-29,text_to_image,46,1,0
406,u_201518,2026-06-28,object_remover,18,0,0
407,u_201525,2026-06-04,object_remover,24,0,1
408,u_201530,2026-04-19,video_generation,4,1,0
409,u_201531,2026-03-31,logo_maker,16,3,0
410,u_201534,2026-06-10,video_generation,40,0,0
411,u_201539,2026-05-19,avatar_generator,20,6,1
412,u_201539,2026-05-29,upscaler_4k8k,3,1,0
413,u_201542,2026-06-23,style_transfer,6,3,0
414,u_201544,2026-05-19,text_to_image,13,1,0
415,u_201547,2026-06-14,text_to_image,35,0,0
416,u_201551,2026-06-22,text_to_image,12,0,0
417,u_201553,2026-06-19,ai_headshot,3,0,0
418,u_201557,2026-05-23,object_remover,11,1,0
419,u_201562,2026-04-25,outpaint_expand,10,0,0
420,u_201563,2026-03-14,image_to_image,7,0,0
421,u_201564,2026-04-24,ai_headshot,13,3,0
422,u_201569,2026-05-02,upscaler_4k8k,21,2,0
423,u_201573,2026-05-07,outpaint_expand,4,0,1
424,u_201573,2026-05-24,style_transfer,26,0,0
425,u_201578,2026-05-15,text_to_image,1,0,0
426,u_201578,2026-04-08,outpaint_expand,41,0,0
427,u_201581,2026-06-04,tattoo_generator,6,2,0
428,u_201582,2026-06-24,style_transfer,0,5,0
429,u_201586,2026-05-29,text_to_image,16,2,0
430,u_201589,2026-06-08,ai_headshot,10,0,0
431,u_201589,2026-05-05,video_generation,8,0,0
432,u_201594,2026-05-07,background_remover,33,3,0
433,u_201595,2026-05-20,outpaint_expand,13,1,0
434,u_201600,2026-06-12,image_to_image,36,0,0
435,u_201612,2026-04-06,tattoo_generator,16,0,0
436,u_201616,2026-03-14,text_to_image,16,0,0
437,u_201622,2026-06-03,logo_maker,1,0,0
438,u_201636,2026-06-26,logo_maker,53,2,0
439,u_201637,2026-06-24,text_to_image,14,0,0
440,u_201651,2026-04-27,text_to_image,9,1,0
441,u_201661,2026-06-28,flyer_poster_maker,51,1,0
442,u_201662,2026-06-13,upscaler_4k8k,59,2,0
443,u_201679,2026-06-17,text_to_image,2,0,1
444,u_201681,2026-06-26,background_remover,57,2,0
445,u_201684,2026-05-15,object_remover,4,0,0
446,u_201685,2026-05-14,image_to_image,18,1,0
447,u_201686,2026-05-24,tattoo_generator,3,0,0
448,u_201688,2026-06-07,background_remover,9,0,0
449,u_201691,2026-06-19,text_to_image,2,0,0
450,u_201692,2026-06-20,video_generation,13,1,0
451,u_201692,2026-06-20,avatar_generator,14,1,0
452,u_201696,2026-03-10,image_to_image,8,3,1
453,u_201696,2026-03-23,upscaler_4k8k,3,4,0
454,u_201707,2026-05-10,upscaler_4k8k,86,1,0
455,u_201707,2026-06-25,ai_headshot,2,1,0
456,u_201716,2026-05-24,text_to_image,17,0,0
457,u_201722,2026-04-28,outpaint_expand,12,5,0
458,u_201732,2026-06-17,ai_headshot,10,0,0
459,u_201736,2026-06-05,ai_headshot,6,0,0
460,u_201737,2026-06-17,style_transfer,6,7,0
461,u_201738,2026-05-09,avatar_generator,4,7,0
462,u_201738,2026-04-19,outpaint_expand,13,1,0
463,u_201747,2026-06-18,background_remover,4,8,0
464,u_201750,2026-05-08,interior_design,3,0,0
465,u_201758,2026-05-19,image_to_image,39,0,1
466,u_201761,2026-03-10,upscaler_4k8k,3,2,0
467,u_201765,2026-06-20,video_generation,12,0,0
468,u_201766,2026-04-02,text_to_image,11,2,0
469,u_201769,2026-06-16,style_transfer,1,0,0
470,u_201775,2026-03-28,image_to_image,1,3,0
471,u_201781,2026-05-24,upscaler_4k8k,13,0,0
472,u_201783,2026-06-08,upscaler_4k8k,26,0,0
473,u_201788,2026-06-01,style_transfer,8,0,1
474,u_201789,2026-04-19,logo_maker,3,2,0
475,u_201793,2026-03-25,style_transfer,33,0,0
476,u_201793,2026-04-04,object_remover,2,4,0
477,u_201804,2026-06-01,avatar_generator,7,1,0
478,u_201805,2026-05-15,style_transfer,18,1,0
479,u_201806,2026-03-31,ai_headshot,1,2,0
480,u_201806,2026-03-23,text_to_image,5,1,0
481,u_201808,2026-05-22,image_to_image,7,0,0
482,u_201812,2026-05-16,style_transfer,8,1,0
483,u_201814,2026-06-25,avatar_generator,17,1,0
484,u_201815,2026-04-30,outpaint_expand,22,0,0
485,u_201815,2026-06-13,ai_headshot,29,2,0
486,u_201822,2026-06-19,ai_headshot,40,7,0
487,u_201833,2026-06-25,text_to_image,11,0,0
488,u_201833,2026-06-09,text_to_image,45,1,0
489,u_201837,2026-03-07,flyer_poster_maker,5,1,0
490,u_201851,2026-04-17,style_transfer,4,0,0
491,u_201852,2026-06-25,upscaler_4k8k,0,0,0
492,u_201853,2026-04-20,style_transfer,19,0,0
493,u_201860,2026-06-03,style_transfer,11,1,0
494,u_201861,2026-06-05,flyer_poster_maker,28,0,0
495,u_201861,2026-04-21,text_to_image,2,1,0
496,u_201865,2026-06-16,ai_headshot,11,0,0
497,u_201866,2026-06-07,text_to_image,0,1,0
498,u_201869,2026-05-12,image_to_image,4,4,0
499,u_201876,2026-06-14,image_to_image,9,0,0
500,u_201891,2026-06-19,image_to_image,2,0,0
501,u_201892,2026-06-10,text_to_image,6,0,0
502,u_201892,2026-06-23,text_to_image,2,0,1
503,u_201892,2026-06-18,style_transfer,24,3,0
504,u_201893,2026-05-13,product_mockup,2,0,1
505,u_201893,2026-06-23,image_to_image,35,0,0
506,u_201896,2026-05-01,text_to_image,7,1,0
507,u_201898,2026-05-25,ai_headshot,23,5,0
508,u_201910,2026-04-28,upscaler_4k8k,25,3,0
509,u_201918,2026-06-10,upscaler_4k8k,31,2,2
510,u_201918,2026-05-31,image_to_image,10,0,1
511,u_201924,2026-06-13,image_to_image,36,1,2
512,u_201930,2026-06-22,background_remover,3,4,0
513,u_201931,2026-06-21,text_to_image,13,2,0
514,u_201936,2026-04-21,object_remover,24,4,0
515,u_201937,2026-05-10,text_to_image,3,1,0
516,u_201937,2026-06-06,text_to_image,13,1,1
517,u_201937,2026-06-28,video_generation,36,0,0
518,u_201945,2026-06-10,style_transfer,12,0,0
519,u_201948,2026-03-04,text_to_image,2,0,0
520,u_201948,2026-05-11,text_to_image,28,2,1
521,u_201951,2026-06-21,logo_maker,7,0,1
522,u_201980,2026-05-28,image_to_image,26,0,0
523,u_201980,2026-06-01,upscaler_4k8k,14,3,0
524,u_201986,2026-04-19,background_remover,11,1,2
525,u_201989,2026-04-10,text_to_image,3,2,0
526,u_201990,2026-05-10,style_transfer,73,1,0
527,u_202001,2026-06-01,outpaint_expand,31,2,0
528,u_202003,2026-06-11,text_to_image,5,0,0
529,u_202004,2026-05-02,text_to_image,3,3,1
530,u_202004,2026-04-04,video_generation,0,0,0
531,u_202006,2026-06-01,outpaint_expand,6,2,1
532,u_202012,2026-03-21,flyer_poster_maker,10,0,0
533,u_202013,2026-04-28,object_remover,17,5,1
534,u_202024,2026-05-07,avatar_generator,2,2,0
535,u_202024,2026-05-23,avatar_generator,13,4,0
536,u_202024,2026-04-20,style_transfer,41,0,0
537,u_202028,2026-05-25,outpaint_expand,1,3,0
538,u_202035,2026-06-17,tattoo_generator,1,1,0
539,u_202038,2026-05-21,avatar_generator,16,0,0
540,u_202040,2026-05-28,style_transfer,10,0,0
541,u_202050,2026-06-05,upscaler_4k8k,12,0,0
542,u_202054,2026-04-25,logo_maker,19,5,1
543,u_202057,2026-06-15,interior_design,0,3,0
544,u_202059,2026-04-29,ai_headshot,23,0,0
545,u_202063,2026-06-15,upscaler_4k8k,8,2,1
546,u_202075,2026-06-27,outpaint_expand,10,10,0
547,u_202075,2026-06-02,background_remover,13,2,2
548,u_202076,2026-04-08,flyer_poster_maker,6,3,0
549,u_202077,2026-06-10,flyer_poster_maker,2,1,1
550,u_202085,2026-05-26,video_generation,20,1,0
551,u_202087,2026-06-24,ai_headshot,32,5,1
552,u_202089,2026-06-02,style_transfer,1,5,1
553,u_202114,2026-06-01,ai_headshot,57,1,0
554,u_202118,2026-03-24,flyer_poster_maker,39,3,0
555,u_202119,2026-06-16,text_to_image,58,7,0
556,u_202125,2026-04-22,upscaler_4k8k,7,0,0
557,u_202128,2026-06-17,outpaint_expand,21,1,0
558,u_202130,2026-04-27,video_generation,12,1,0
559,u_202133,2026-03-02,logo_maker,18,1,0
560,u_202135,2026-05-08,flyer_poster_maker,41,0,0
561,u_202138,2026-05-31,text_to_image,54,1,0
562,u_202142,2026-05-05,text_to_image,7,4,0
563,u_202156,2026-06-07,style_transfer,7,0,1
564,u_202158,2026-05-20,object_remover,7,1,1
565,u_202166,2026-06-12,image_to_image,1,0,0
566,u_202169,2026-06-13,upscaler_4k8k,9,3,0
567,u_202181,2026-04-18,outpaint_expand,19,4,0
568,u_202182,2026-05-03,image_to_image,2,1,0
569,u_202190,2026-06-03,image_to_image,19,0,0
570,u_202197,2026-06-18,ai_headshot,3,0,0
571,u_202199,2026-05-27,text_to_image,8,3,0
572,u_202204,2026-06-26,logo_maker,1,0,0
573,u_202205,2026-04-14,image_to_image,49,0,1
574,u_202206,2026-05-18,image_to_image,8,0,0
575,u_202206,2026-05-19,text_to_image,11,1,0
576,u_202207,2026-06-09,text_to_image,10,3,0
577,u_202215,2026-04-15,background_remover,20,0,0
578,u_202216,2026-05-13,text_to_image,4,0,0
579,u_202216,2026-06-14,ai_headshot,9,0,0
580,u_202217,2026-06-24,text_to_image,74,1,0
581,u_202217,2026-06-20,object_remover,16,0,0
582,u_202220,2026-06-01,image_to_image,23,2,0
583,u_202224,2026-05-11,text_to_image,7,2,0
584,u_202224,2026-05-08,text_to_image,7,0,0
585,u_202225,2026-06-27,text_to_image,4,0,0
586,u_202228,2026-05-22,text_to_image,6,3,0
587,u_202230,2026-05-22,tattoo_generator,13,0,1
588,u_202230,2026-05-17,style_transfer,5,0,0
589,u_202230,2026-05-11,text_to_image,10,0,0
590,u_202232,2026-06-25,logo_maker,8,4,0
591,u_202234,2026-06-06,text_to_image,53,9,1
592,u_202237,2026-06-27,flyer_poster_maker,3,1,1
593,u_202238,2026-05-19,text_to_image,14,1,0
594,u_202254,2026-06-20,object_remover,15,1,1
595,u_202257,2026-05-03,logo_maker,14,4,0
596,u_202265,2026-05-22,object_remover,20,0,0
597,u_202267,2026-05-07,ai_headshot,5,1,0
598,u_202275,2026-05-26,ai_headshot,21,4,0
599,u_202278,2026-05-17,background_remover,12,0,0
600,u_202281,2026-04-08,background_remover,5,3,0
601,u_202282,2026-06-07,style_transfer,1,0,0
602,u_202282,2026-06-28,text_to_image,55,0,0
603,u_202287,2026-05-18,logo_maker,16,1,0
604,u_202291,2026-06-15,text_to_image,13,0,0
605,u_202296,2026-05-14,background_remover,1,0,0
606,u_202296,2026-06-13,ai_headshot,2,0,1
607,u_202297,2026-04-06,upscaler_4k8k,18,3,0
608,u_202300,2026-05-13,text_to_image,1,0,0
609,u_202300,2026-03-18,ai_headshot,16,0,0
610,u_202301,2026-06-23,text_to_image,66,1,0
611,u_202308,2026-06-12,text_to_image,1,0,0
612,u_202310,2026-06-07,object_remover,4,2,1
613,u_202318,2026-04-13,video_generation,17,2,0
614,u_202321,2026-06-27,text_to_image,46,1,0
615,u_202332,2026-06-01,outpaint_expand,4,6,0
616,u_202334,2026-05-25,image_to_image,3,0,0
617,u_202336,2026-06-27,background_remover,10,5,0
618,u_202338,2026-06-12,product_mockup,46,1,0
619,u_202346,2026-04-03,text_to_image,29,2,0
620,u_202346,2026-04-17,image_to_image,11,1,0
621,u_202359,2026-05-17,avatar_generator,15,0,0
622,u_202362,2026-04-19,logo_maker,23,1,0
623,u_202370,2026-03-15,image_to_image,8,0,0
624,u_202371,2026-04-20,object_remover,9,1,0
625,u_202371,2026-03-29,ai_headshot,2,0,0
626,u_202372,2026-05-16,video_generation,13,0,0
627,u_202377,2026-06-12,image_to_image,0,0,0
628,u_202378,2026-05-14,text_to_image,15,0,0
629,u_202384,2026-04-23,background_remover,11,1,0
630,u_202400,2026-05-12,ai_headshot,34,1,0
631,u_202402,2026-04-05,text_to_image,3,4,0
632,u_202415,2026-05-27,text_to_image,5,0,0
633,u_202415,2026-04-18,upscaler_4k8k,29,3,0
634,u_202419,2026-05-25,text_to_image,4,7,0
635,u_202431,2026-05-31,image_to_image,20,0,0
636,u_202433,2026-06-04,style_transfer,22,0,0
637,u_202433,2026-06-21,video_generation,5,1,0
638,u_202441,2026-04-18,image_to_image,52,0,0
639,u_202441,2026-05-15,video_generation,15,0,0
640,u_202441,2026-05-29,ai_headshot,17,0,1
641,u_202441,2026-06-20,text_to_image,11,1,1
642,u_202446,2026-04-16,outpaint_expand,7,0,0
643,u_202449,2026-04-28,text_to_image,5,0,0
644,u_202457,2026-04-12,outpaint_expand,12,0,0
645,u_202457,2026-06-08,image_to_image,0,3,0
646,u_202458,2026-06-16,text_to_image,17,0,0
647,u_202469,2026-06-15,style_transfer,0,1,0
648,u_202470,2026-06-13,style_transfer,3,2,0
649,u_202472,2026-06-23,text_to_image,16,1,0
650,u_202477,2026-06-04,image_to_image,5,1,1
651,u_202491,2026-05-12,style_transfer,24,1,0
652,u_202493,2026-05-23,text_to_image,9,1,0
653,u_202497,2026-05-13,ai_headshot,10,0,0
654,u_202499,2026-05-03,avatar_generator,5,7,0
655,u_202499,2026-06-12,text_to_image,4,0,0
656,u_202502,2026-06-28,upscaler_4k8k,3,0,0
657,u_202505,2026-03-25,video_generation,22,0,0
658,u_202505,2026-06-23,text_to_image,8,4,0
659,u_202512,2026-06-15,outpaint_expand,20,1,1
660,u_202513,2026-06-25,image_to_image,11,9,0
661,u_202514,2026-06-05,text_to_image,10,1,2
662,u_202523,2026-04-27,style_transfer,25,1,0
663,u_202527,2026-06-15,background_remover,10,1,0
664,u_202529,2026-06-28,avatar_generator,7,3,0
665,u_202532,2026-04-16,background_remover,2,4,0
666,u_202532,2026-04-21,text_to_image,40,1,0
667,u_202533,2026-05-23,text_to_image,62,2,0
668,u_202537,2026-05-06,text_to_image,9,3,0
669,u_202537,2026-06-21,object_remover,20,4,0
670,u_202544,2026-05-06,image_to_image,1,1,0
671,u_202554,2026-06-07,ai_headshot,17,4,0
672,u_202554,2026-06-24,image_to_image,22,0,0
673,u_202554,2026-05-06,outpaint_expand,48,1,0
674,u_202554,2026-04-29,image_to_image,7,1,0
675,u_202557,2026-06-01,upscaler_4k8k,4,2,0
676,u_202565,2026-05-04,outpaint_expand,44,1,0
677,u_202567,2026-05-05,upscaler_4k8k,19,2,1
678,u_202567,2026-06-26,text_to_image,25,0,0
679,u_202567,2026-06-17,image_to_image,3,0,0
680,u_202569,2026-05-03,style_transfer,2,2,0
681,u_202575,2026-04-09,avatar_generator,1,0,0
682,u_202579,2026-05-06,ai_headshot,9,1,0
683,u_202580,2026-05-05,object_remover,24,1,0
684,u_202588,2026-06-07,ai_headshot,3,1,1
685,u_202597,2026-05-14,text_to_image,18,6,2
686,u_202608,2026-05-04,image_to_image,17,3,0
687,u_202608,2026-04-18,style_transfer,21,0,1
688,u_202613,2026-06-09,object_remover,3,0,1
689,u_202613,2026-04-09,upscaler_4k8k,2,1,0
690,u_202619,2026-05-26,style_transfer,17,0,1
691,u_202620,2026-05-16,style_transfer,0,2,1
692,u_202628,2026-04-07,flyer_poster_maker,3,0,0
693,u_202628,2026-06-23,ai_headshot,19,5,0
694,u_202631,2026-05-18,image_to_image,0,5,0
695,u_202636,2026-05-13,text_to_image,6,1,1
696,u_202637,2026-06-07,image_to_image,5,0,0
697,u_202657,2026-05-11,tattoo_generator,13,0,0
698,u_202659,2026-03-31,image_to_image,4,0,0
699,u_202669,2026-05-01,object_remover,12,1,0
700,u_202672,2026-06-07,upscaler_4k8k,0,0,2
701,u_202674,2026-06-24,background_remover,49,3,0
702,u_202676,2026-04-13,ai_headshot,3,2,0
703,u_202679,2026-04-22,interior_design,11,1,0
704,u_202679,2026-06-07,style_transfer,16,2,0
705,u_202682,2026-04-08,logo_maker,36,0,0
706,u_202682,2026-05-17,ai_headshot,24,1,0
707,u_202682,2026-05-25,video_generation,6,0,0
708,u_202691,2026-04-08,product_mockup,10,1,0
709,u_202692,2026-06-18,text_to_image,2,5,1
710,u_202696,2026-06-13,video_generation,29,3,0
711,u_202702,2026-05-19,text_to_image,28,0,0
712,u_202708,2026-03-25,text_to_image,17,4,0
713,u_202710,2026-05-17,style_transfer,6,7,0
714,u_202710,2026-06-28,upscaler_4k8k,8,1,0
715,u_202715,2026-06-24,text_to_image,5,3,1
716,u_202716,2026-05-21,logo_maker,11,0,1
717,u_202720,2026-06-07,style_transfer,8,10,0
718,u_202720,2026-05-08,video_generation,6,1,0
719,u_202723,2026-03-24,flyer_poster_maker,10,1,0
720,u_202724,2026-05-04,ai_headshot,6,0,1
721,u_202724,2026-05-28,text_to_image,4,0,0
722,u_202724,2026-04-28,text_to_image,8,7,0
723,u_202732,2026-04-04,text_to_image,24,0,0
724,u_202737,2026-05-25,object_remover,23,2,0
725,u_202740,2026-05-02,upscaler_4k8k,9,0,0
726,u_202742,2026-04-29,tattoo_generator,3,1,1
727,u_202746,2026-04-17,video_generation,0,5,0
728,u_202747,2026-05-18,upscaler_4k8k,8,1,0
729,u_202748,2026-06-11,text_to_image,12,1,0
730,u_202751,2026-05-19,style_transfer,11,2,0
731,u_202756,2026-06-05,text_to_image,2,1,0
732,u_202756,2026-03-25,text_to_image,8,0,0
733,u_202758,2026-06-18,upscaler_4k8k,3,0,0
734,u_202760,2026-03-25,upscaler_4k8k,8,2,0
735,u_202760,2026-03-06,ai_headshot,11,1,0
736,u_202762,2026-03-16,image_to_image,50,0,0
737,u_202762,2026-04-10,video_generation,2,4,0
738,u_202772,2026-05-26,text_to_image,15,0,0
739,u_202772,2026-06-19,avatar_generator,2,4,0
740,u_202772,2026-04-24,tattoo_generator,22,6,0
741,u_202775,2026-05-09,text_to_image,3,7,0
742,u_202777,2026-05-27,background_remover,6,2,0
743,u_202780,2026-04-02,image_to_image,75,3,0
744,u_202780,2026-06-21,interior_design,6,0,0
745,u_202781,2026-06-06,upscaler_4k8k,11,2,0
746,u_202795,2026-05-03,text_to_image,15,1,0
747,u_202795,2026-06-05,text_to_image,14,2,0
748,u_202806,2026-05-08,style_transfer,59,1,0
749,u_202811,2026-04-28,upscaler_4k8k,5,1,0
750,u_202816,2026-05-17,style_transfer,14,1,0
751,u_202817,2026-06-13,ai_headshot,2,1,1
752,u_202820,2026-05-26,image_to_image,2,1,0
753,u_202829,2026-04-13,text_to_image,4,1,1
754,u_202841,2026-06-03,background_remover,3,0,0
755,u_202846,2026-05-30,flyer_poster_maker,25,4,0
756,u_202854,2026-06-26,ai_headshot,18,3,0
757,u_202858,2026-04-08,text_to_image,0,1,1
758,u_202862,2026-06-08,text_to_image,31,1,0
759,u_202865,2026-06-06,image_to_image,8,0,0
760,u_202873,2026-06-14,video_generation,0,1,0
761,u_202878,2026-06-07,image_to_image,30,5,0
762,u_202879,2026-05-29,avatar_generator,1,0,1
763,u_202882,2026-04-15,background_remover,3,5,0
764,u_202886,2026-03-22,flyer_poster_maker,12,1,0
765,u_202891,2026-05-15,logo_maker,2,1,0
766,u_202895,2026-04-17,image_to_image,46,1,1
767,u_202915,2026-04-09,background_remover,15,2,0
768,u_202919,2026-05-23,outpaint_expand,49,0,0
769,u_202920,2026-06-16,text_to_image,23,3,0
770,u_202920,2026-04-27,text_to_image,11,0,0
771,u_202921,2026-05-14,text_to_image,0,1,0
772,u_202923,2026-05-07,video_generation,24,4,0
773,u_202929,2026-06-08,background_remover,41,3,1
774,u_202933,2026-05-30,flyer_poster_maker,4,3,0
775,u_202936,2026-06-01,ai_headshot,29,0,0
776,u_202944,2026-06-02,text_to_image,3,4,3
777,u_202958,2026-06-08,video_generation,22,1,0
778,u_202963,2026-05-25,video_generation,12,0,0
779,u_202969,2026-06-25,upscaler_4k8k,16,4,1
780,u_202970,2026-06-22,text_to_image,6,0,1
781,u_202977,2026-05-14,avatar_generator,0,1,1
782,u_202984,2026-05-28,upscaler_4k8k,6,8,1
783,u_202985,2026-06-22,interior_design,23,5,0
784,u_202985,2026-06-26,logo_maker,1,1,1
785,u_202985,2026-06-28,text_to_image,3,2,0
786,u_202987,2026-05-29,image_to_image,12,3,0
787,u_202992,2026-05-14,tattoo_generator,23,1,1
788,u_202995,2026-04-23,object_remover,9,1,0
789,u_202995,2026-04-06,text_to_image,0,0,0
790,u_202997,2026-05-21,background_remover,8,4,0
791,u_202999,2026-06-19,text_to_image,30,1,0
792,u_203000,2026-03-30,object_remover,2,4,0
793,u_203007,2026-06-08,image_to_image,69,2,0
794,u_203009,2026-05-02,image_to_image,17,0,0
795,u_203016,2026-05-17,ai_headshot,9,0,1
796,u_203025,2026-05-04,background_remover,23,0,0
797,u_203026,2026-05-27,style_transfer,16,0,0
798,u_203026,2026-05-23,text_to_image,4,6,2
799,u_203030,2026-05-30,avatar_generator,60,0,0
800,u_203031,2026-06-24,logo_maker,5,2,0
801,u_203033,2026-04-26,text_to_image,38,4,0
802,u_203036,2026-06-09,text_to_image,5,4,0
803,u_203036,2026-05-23,text_to_image,19,1,0
804,u_203041,2026-05-14,style_transfer,43,1,0
805,u_203049,2026-05-10,text_to_image,11,1,1
806,u_203051,2026-05-13,style_transfer,3,4,0
807,u_203052,2026-05-31,outpaint_expand,4,1,0
808,u_203055,2026-06-12,avatar_generator,20,2,1
809,u_203056,2026-05-29,ai_headshot,19,2,0
810,u_203061,2026-04-06,video_generation,1,2,0
811,u_203066,2026-04-15,video_generation,9,1,0
812,u_203071,2026-05-21,text_to_image,7,1,0
813,u_203076,2026-06-26,text_to_image,4,0,0
814,u_203083,2026-05-18,text_to_image,4,6,1
815,u_203089,2026-05-24,text_to_image,62,0,0
816,u_203089,2026-05-14,upscaler_4k8k,2,0,1
817,u_203103,2026-05-11,text_to_image,27,2,1
818,u_203113,2026-06-04,style_transfer,33,0,0
819,u_203114,2026-04-08,object_remover,6,1,0
820,u_203116,2026-04-10,text_to_image,21,0,0
821,u_203121,2026-05-05,ai_headshot,3,5,0
822,u_203129,2026-05-01,text_to_image,1,5,0
823,u_203133,2026-06-27,image_to_image,7,2,0
824,u_203140,2026-05-26,flyer_poster_maker,15,2,0
825,u_203143,2026-04-25,flyer_poster_maker,3,0,0
826,u_203144,2026-04-20,image_to_image,35,1,0
827,u_203144,2026-06-26,object_remover,63,0,0
828,u_203144,2026-05-21,background_remover,21,1,0
829,u_203149,2026-04-19,text_to_image,4,0,0
830,u_203160,2026-05-22,text_to_image,4,3,0
831,u_203163,2026-05-12,ai_headshot,30,2,1
832,u_203167,2026-05-21,text_to_image,21,0,0
833,u_203171,2026-04-26,image_to_image,34,2,1
834,u_203171,2026-05-29,text_to_image,2,0,0
835,u_203175,2026-06-21,tattoo_generator,13,2,0
836,u_203175,2026-04-17,text_to_image,0,0,1
837,u_203175,2026-06-28,outpaint_expand,14,0,0
838,u_203175,2026-03-21,ai_headshot,21,3,0
839,u_203176,2026-05-25,object_remover,11,1,0
840,u_203181,2026-05-14,text_to_image,14,0,0
841,u_203184,2026-05-21,image_to_image,35,0,1
842,u_203190,2026-06-24,text_to_image,53,1,0
843,u_203194,2026-03-11,background_remover,12,5,0
844,u_203194,2026-06-08,style_transfer,40,0,0
845,u_203194,2026-04-04,image_to_image,12,0,0
846,u_203196,2026-05-21,text_to_image,0,0,1
847,u_203196,2026-05-30,text_to_image,6,0,0
848,u_203200,2026-04-16,video_generation,2,1,0
849,u_203210,2026-03-29,tattoo_generator,22,0,1
850,u_203214,2026-05-09,object_remover,24,0,0
851,u_203214,2026-03-19,image_to_image,14,5,0
852,u_203222,2026-06-13,background_remover,1,0,0
853,u_203222,2026-06-01,video_generation,18,1,0
854,u_203227,2026-05-15,background_remover,30,0,1
855,u_203238,2026-05-14,object_remover,71,0,0
856,u_203242,2026-06-19,flyer_poster_maker,17,1,0
857,u_203243,2026-06-27,text_to_image,11,1,0
858,u_203247,2026-05-30,ai_headshot,32,2,0
859,u_203250,2026-06-13,image_to_image,55,8,1
860,u_203257,2026-05-30,upscaler_4k8k,3,3,1
861,u_203263,2026-05-11,ai_headshot,11,3,2
862,u_203273,2026-06-18,object_remover,11,0,0
863,u_203275,2026-05-07,text_to_image,4,2,0
864,u_203278,2026-04-07,upscaler_4k8k,65,3,0
865,u_203284,2026-06-27,image_to_image,63,2,0
866,u_203287,2026-06-25,avatar_generator,0,6,0
867,u_203291,2026-05-15,image_to_image,21,0,0
868,u_203294,2026-04-08,ai_headshot,0,2,0
869,u_203298,2026-04-26,tattoo_generator,67,1,0
870,u_203298,2026-04-23,background_remover,9,4,1
871,u_203305,2026-06-13,text_to_image,0,0,0
872,u_203307,2026-06-26,video_generation,9,2,0
873,u_203312,2026-06-02,tattoo_generator,85,1,2
874,u_203316,2026-04-10,text_to_image,1,0,0
875,u_203321,2026-03-25,text_to_image,5,2,0
876,u_203325,2026-04-24,flyer_poster_maker,5,3,0
877,u_203331,2026-05-18,upscaler_4k8k,1,1,0
878,u_203341,2026-06-02,video_generation,20,1,0
879,u_203347,2026-05-13,style_transfer,55,0,0
880,u_203347,2026-04-30,text_to_image,15,2,0
881,u_203348,2026-04-16,background_remover,26,2,1
882,u_203350,2026-06-26,video_generation,5,1,0
883,u_203352,2026-06-14,product_mockup,10,3,0
884,u_203352,2026-05-24,background_remover,2,2,0
885,u_203352,2026-06-28,background_remover,1,4,0
886,u_203357,2026-05-20,upscaler_4k8k,37,0,0
887,u_203358,2026-06-27,text_to_image,4,0,1
888,u_203359,2026-06-04,ai_headshot,20,0,0
889,u_203366,2026-06-23,object_remover,15,0,0
890,u_203366,2026-04-15,video_generation,25,2,0
891,u_203377,2026-06-06,video_generation,28,0,0
892,u_203377,2026-06-23,video_generation,0,1,0
893,u_203381,2026-04-26,text_to_image,6,0,1
894,u_203385,2026-05-09,text_to_image,12,5,0
895,u_203389,2026-06-07,avatar_generator,0,5,1
896,u_203391,2026-06-15,text_to_image,2,0,0
897,u_203400,2026-06-25,ai_headshot,15,0,0
898,u_203404,2026-04-10,tattoo_generator,0,0,0
899,u_203417,2026-06-07,outpaint_expand,5,0,1
900,u_203420,2026-04-09,text_to_image,6,2,2
901,u_203424,2026-04-28,flyer_poster_maker,56,1,0
902,u_203424,2026-04-20,background_remover,16,0,0
903,u_203426,2026-06-07,text_to_image,32,3,1
904,u_203430,2026-05-11,upscaler_4k8k,78,0,0
905,u_203430,2026-05-27,style_transfer,9,5,0
906,u_203431,2026-03-22,video_generation,42,0,1
907,u_203435,2026-06-08,object_remover,0,1,0
908,u_203438,2026-05-18,text_to_image,12,0,0
909,u_203438,2026-04-21,ai_headshot,15,0,0
910,u_203447,2026-06-03,style_transfer,0,1,1
911,u_203451,2026-05-16,video_generation,1,1,0
912,u_203452,2026-04-22,style_transfer,5,1,1
913,u_203454,2026-05-15,style_transfer,26,2,0
914,u_203456,2026-04-10,text_to_image,56,2,0
915,u_203456,2026-04-01,outpaint_expand,6,1,0
916,u_203456,2026-04-01,interior_design,20,0,1
917,u_203462,2026-04-12,text_to_image,13,2,0
918,u_203462,2026-04-13,style_transfer,8,0,1
919,u_203464,2026-06-24,style_transfer,6,3,0
920,u_203469,2026-06-09,image_to_image,15,1,0
921,u_203469,2026-03-14,video_generation,19,1,0
922,u_203477,2026-06-08,video_generation,21,2,0
923,u_203479,2026-04-14,upscaler_4k8k,3,0,1
924,u_203486,2026-05-01,flyer_poster_maker,12,0,0
925,u_203489,2026-06-09,style_transfer,4,1,0
926,u_203494,2026-06-11,ai_headshot,50,0,0
927,u_203504,2026-04-08,background_remover,7,0,0
928,u_203504,2026-06-16,avatar_generator,69,1,0
929,u_203510,2026-06-22,object_remover,7,5,0
930,u_203523,2026-06-06,upscaler_4k8k,14,0,1
931,u_203529,2026-03-10,upscaler_4k8k,28,1,0
932,u_203537,2026-05-06,text_to_image,1,2,0
933,u_203537,2026-06-03,style_transfer,12,0,0
934,u_203540,2026-05-25,outpaint_expand,3,5,0
935,u_203540,2026-05-28,text_to_image,0,3,0
936,u_203543,2026-05-26,video_generation,1,2,0
937,u_203543,2026-05-31,upscaler_4k8k,24,0,0
938,u_203545,2026-04-30,image_to_image,5,2,0
939,u_203549,2026-03-29,text_to_image,24,1,0
940,u_203560,2026-06-03,text_to_image,0,2,0
941,u_203561,2026-04-20,upscaler_4k8k,29,0,0
942,u_203570,2026-04-12,image_to_image,47,5,0
943,u_203570,2026-06-19,ai_headshot,9,2,0
944,u_203580,2026-05-27,avatar_generator,18,0,0
945,u_203582,2026-04-23,upscaler_4k8k,20,4,0
946,u_203584,2026-06-21,video_generation,0,1,0
947,u_203590,2026-05-21,upscaler_4k8k,8,4,0
948,u_203591,2026-05-18,logo_maker,24,0,1
949,u_203594,2026-06-18,image_to_image,37,0,1
950,u_203601,2026-06-22,ai_headshot,18,1,0
951,u_203603,2026-04-20,interior_design,2,4,0
952,u_203610,2026-03-03,background_remover,3,0,0
953,u_203616,2026-05-23,image_to_image,6,2,1
954,u_203616,2026-05-10,avatar_generator,98,0,0
955,u_203617,2026-06-11,background_remover,11,1,1
956,u_203617,2026-05-11,background_remover,12,0,3
957,u_203617,2026-05-13,image_to_image,2,6,0
958,u_203618,2026-05-15,background_remover,2,6,0
959,u_203618,2026-05-28,text_to_image,10,1,1
960,u_203620,2026-06-18,background_remover,10,3,0
961,u_203620,2026-06-16,text_to_image,8,2,0
962,u_203629,2026-05-25,video_generation,9,0,0
963,u_203629,2026-06-19,background_remover,46,0,1
964,u_203630,2026-05-24,upscaler_4k8k,0,3,0
965,u_203638,2026-06-22,object_remover,14,1,0
966,u_203641,2026-04-30,ai_headshot,11,3,0
967,u_203644,2026-05-04,interior_design,31,4,2
968,u_203646,2026-06-11,style_transfer,13,3,0
969,u_203648,2026-06-11,ai_headshot,5,5,0
970,u_203652,2026-06-13,upscaler_4k8k,12,1,0
971,u_203654,2026-05-13,text_to_image,44,0,0
972,u_203657,2026-03-29,avatar_generator,1,5,0
973,u_203664,2026-05-11,ai_headshot,15,0,0
974,u_203664,2026-06-19,style_transfer,22,1,0
975,u_203667,2026-06-18,video_generation,4,2,0
976,u_203674,2026-04-27,image_to_image,4,2,0
977,u_203676,2026-06-16,text_to_image,66,3,0
978,u_203676,2026-06-15,image_to_image,19,0,0
979,u_203681,2026-05-02,tattoo_generator,20,0,0
980,u_203681,2026-06-27,upscaler_4k8k,1,0,0
981,u_203683,2026-05-27,interior_design,90,3,0
982,u_203683,2026-03-30,text_to_image,21,7,0
983,u_203699,2026-04-03,style_transfer,2,2,1
984,u_203699,2026-05-08,text_to_image,1,1,1
985,u_203699,2026-06-10,logo_maker,35,1,0
986,u_203699,2026-03-14,image_to_image,1,4,0
987,u_203699,2026-03-13,text_to_image,14,1,0
988,u_203707,2026-06-22,flyer_poster_maker,11,3,1
989,u_203708,2026-04-28,background_remover,40,1,0
990,u_203708,2026-05-04,tattoo_generator,37,6,0
991,u_203710,2026-04-02,text_to_image,50,1,0
992,u_203716,2026-05-16,flyer_poster_maker,18,1,0
993,u_203721,2026-04-08,ai_headshot,39,0,0
994,u_203725,2026-05-21,avatar_generator,7,0,3
995,u_203725,2026-04-15,flyer_poster_maker,27,2,3
996,u_203725,2026-04-22,product_mockup,11,0,0
997,u_203728,2026-05-05,upscaler_4k8k,9,4,0
998,u_203728,2026-06-06,text_to_image,4,1,1
999,u_203731,2026-06-05,text_to_image,5,0,0
1000,u_203731,2026-06-16,video_generation,1,2,0
1001,u_203740,2026-05-15,avatar_generator,22,1,0
1002,u_203741,2026-06-23,upscaler_4k8k,9,3,0
1003,u_203743,2026-06-24,image_to_image,15,3,0
1004,u_203757,2026-05-18,style_transfer,48,1,0
1005,u_203768,2026-05-01,interior_design,4,1,0
1006,u_203768,2026-04-23,style_transfer,28,1,0
1007,u_203769,2026-04-12,text_to_image,3,0,0
1008,u_203773,2026-06-17,object_remover,24,2,0
1009,u_203774,2026-06-24,avatar_generator,2,3,0
1010,u_203782,2026-05-29,upscaler_4k8k,0,2,0
1011,u_203783,2026-06-08,image_to_image,13,0,0
1012,u_203785,2026-06-26,flyer_poster_maker,0,4,0
1013,u_203785,2026-03-10,text_to_image,40,2,1
1014,u_203785,2026-05-12,style_transfer,19,2,0
1015,u_203785,2026-06-04,style_transfer,8,1,0
1016,u_203785,2026-04-28,tattoo_generator,71,3,0
1017,u_203791,2026-05-27,image_to_image,12,1,0
1018,u_203794,2026-06-21,style_transfer,29,1,0
1019,u_203796,2026-04-23,upscaler_4k8k,12,0,0
1020,u_203796,2026-06-08,tattoo_generator,14,2,0
1021,u_203807,2026-05-14,video_generation,18,1,0
1022,u_203809,2026-06-01,text_to_image,45,2,0
1023,u_203812,2026-05-02,upscaler_4k8k,1,1,0
1024,u_203812,2026-06-16,text_to_image,11,1,0
1025,u_203815,2026-05-05,object_remover,32,3,0
1026,u_203818,2026-06-25,video_generation,50,1,2
1027,u_203820,2026-04-23,object_remover,18,1,0
1028,u_203824,2026-03-11,video_generation,7,1,0
1029,u_203827,2026-06-19,image_to_image,9,0,0
1030,u_203828,2026-06-23,ai_headshot,12,2,0
1031,u_203831,2026-06-23,text_to_image,38,4,0
1032,u_203839,2026-06-28,text_to_image,24,0,0
1033,u_203840,2026-05-30,ai_headshot,21,2,1
1034,u_203844,2026-06-06,video_generation,37,3,1
1035,u_203849,2026-04-06,text_to_image,8,6,0
1036,u_203850,2026-06-23,tattoo_generator,16,1,0
1037,u_203862,2026-05-08,background_remover,14,0,0
1038,u_203870,2026-06-15,interior_design,24,2,1
1039,u_203874,2026-04-09,text_to_image,14,2,0
1040,u_203876,2026-06-11,flyer_poster_maker,6,0,0
1041,u_203877,2026-06-04,style_transfer,6,0,1
1042,u_203880,2026-05-19,outpaint_expand,1,0,0
1043,u_203881,2026-06-25,tattoo_generator,30,3,0
1044,u_203883,2026-04-27,text_to_image,1,4,1
1045,u_203886,2026-06-17,logo_maker,30,1,1
1046,u_203890,2026-06-10,ai_headshot,17,0,0
1047,u_203896,2026-05-30,text_to_image,36,0,0
1048,u_203900,2026-05-03,ai_headshot,20,0,0
1049,u_203900,2026-04-26,text_to_image,62,0,0
1050,u_203900,2026-06-02,video_generation,20,1,0
1051,u_203900,2026-05-29,object_remover,3,1,0
1052,u_203901,2026-05-01,avatar_generator,6,2,0
1053,u_203901,2026-04-27,image_to_image,45,5,1
1054,u_203909,2026-04-28,style_transfer,23,6,1
1055,u_203911,2026-04-13,outpaint_expand,8,1,0
1056,u_203911,2026-06-07,flyer_poster_maker,5,0,4
1057,u_203914,2026-06-11,image_to_image,3,1,0
1058,u_203920,2026-05-25,image_to_image,34,1,0
1059,u_203937,2026-05-21,video_generation,2,5,0
1060,u_203938,2026-06-13,text_to_image,7,0,0
1061,u_203941,2026-06-09,text_to_image,4,0,0
1062,u_203941,2026-05-15,interior_design,0,4,0
1063,u_203944,2026-06-15,style_transfer,14,2,0
1064,u_203949,2026-05-01,style_transfer,2,0,1
1065,u_203952,2026-05-03,interior_design,17,0,0
1066,u_203952,2026-05-12,ai_headshot,49,1,0
1067,u_203956,2026-06-19,text_to_image,16,7,0
1068,u_203958,2026-04-19,object_remover,11,0,0
1069,u_203959,2026-06-27,logo_maker,11,1,0
1070,u_203959,2026-04-09,tattoo_generator,14,2,0
1071,u_203960,2026-06-05,video_generation,17,0,0
1072,u_203969,2026-04-10,text_to_image,19,0,1
1073,u_203973,2026-06-16,video_generation,10,0,0
1074,u_203977,2026-05-13,style_transfer,6,0,0
1075,u_203981,2026-05-29,tattoo_generator,25,0,1
1076,u_203985,2026-06-10,product_mockup,0,0,0
1077,u_203987,2026-03-29,outpaint_expand,13,0,0
1078,u_203997,2026-06-15,background_remover,38,1,0
1079,u_204000,2026-06-08,style_transfer,10,0,0
1080,u_204001,2026-04-03,ai_headshot,27,0,0
1081,u_204002,2026-06-22,interior_design,1,1,0
1082,u_204002,2026-06-28,text_to_image,0,1,1
1083,u_204015,2026-05-24,text_to_image,0,0,0
1084,u_204017,2026-05-31,text_to_image,0,0,1
1085,u_204017,2026-05-17,outpaint_expand,9,1,0
1086,u_204023,2026-06-16,text_to_image,15,2,0
1087,u_204031,2026-05-08,object_remover,16,3,0
1088,u_204033,2026-03-22,image_to_image,1,0,0
1089,u_204039,2026-05-14,upscaler_4k8k,2,3,0
1090,u_204039,2026-03-28,ai_headshot,10,3,0
1091,u_204044,2026-05-23,text_to_image,5,7,0
1092,u_204047,2026-04-27,background_remover,10,1,0
1093,u_204052,2026-06-18,object_remover,3,0,0
1094,u_204064,2026-05-10,text_to_image,13,3,0
1095,u_204064,2026-05-14,flyer_poster_maker,4,4,0
1096,u_204066,2026-04-29,background_remover,8,1,1
1097,u_204069,2026-04-11,background_remover,43,0,1
1098,u_204070,2026-06-12,text_to_image,13,4,0
1099,u_204080,2026-06-26,text_to_image,7,0,1
1100,u_204094,2026-06-09,text_to_image,0,2,0
1101,u_204097,2026-06-16,text_to_image,0,0,1
1102,u_204100,2026-05-31,text_to_image,0,2,1
1103,u_204100,2026-06-09,upscaler_4k8k,17,2,0
1104,u_204105,2026-05-04,background_remover,33,2,0
1105,u_204106,2026-03-12,product_mockup,35,0,0
1106,u_204114,2026-05-27,ai_headshot,11,3,0
1107,u_204115,2026-05-04,background_remover,11,9,0
1108,u_204116,2026-03-15,background_remover,6,2,0
1109,u_204124,2026-05-12,object_remover,2,0,1
1110,u_204127,2026-05-11,text_to_image,12,0,0
1111,u_204129,2026-06-28,ai_headshot,6,0,2
1112,u_204129,2026-06-14,background_remover,48,5,0
1113,u_204136,2026-04-29,text_to_image,11,0,0
1114,u_204144,2026-05-04,image_to_image,0,1,0
1115,u_204144,2026-06-09,text_to_image,22,3,0
1116,u_204145,2026-06-16,logo_maker,1,4,0
1117,u_204148,2026-05-19,style_transfer,4,0,0
1118,u_204148,2026-04-30,text_to_image,23,1,1
1119,u_204148,2026-04-21,tattoo_generator,58,1,0
1120,u_204150,2026-05-06,interior_design,24,1,0
1121,u_204150,2026-04-03,ai_headshot,17,0,2
1122,u_204153,2026-03-26,text_to_image,15,0,1
1123,u_204163,2026-05-11,avatar_generator,8,1,0
1124,u_204163,2026-06-09,flyer_poster_maker,0,1,0
1125,u_204163,2026-05-27,text_to_image,28,1,2
1126,u_204163,2026-05-01,style_transfer,3,3,0
1127,u_204170,2026-06-11,text_to_image,29,0,0
1128,u_204171,2026-06-01,text_to_image,6,1,0
1129,u_204179,2026-05-28,style_transfer,7,0,0
1130,u_204182,2026-05-05,text_to_image,4,3,0
1131,u_204184,2026-05-24,style_transfer,34,5,0
1132,u_204184,2026-05-24,background_remover,3,0,0
1133,u_204195,2026-06-27,video_generation,8,0,0
1134,u_204195,2026-04-30,video_generation,5,2,0
1135,u_204196,2026-05-02,ai_headshot,6,0,2
1136,u_204200,2026-05-24,style_transfer,3,1,0
1137,u_204208,2026-06-19,ai_headshot,6,1,1
1138,u_204211,2026-04-17,text_to_image,19,0,0
1139,u_204215,2026-03-27,flyer_poster_maker,12,1,0
1140,u_204216,2026-06-12,background_remover,20,0,0
1141,u_204221,2026-06-08,ai_headshot,0,6,0
1142,u_204224,2026-04-05,tattoo_generator,7,0,0
1143,u_204224,2026-05-20,video_generation,18,0,0
1144,u_204237,2026-06-04,tattoo_generator,12,0,1
1145,u_204244,2026-06-27,object_remover,7,1,0
1146,u_204253,2026-06-04,text_to_image,2,0,0
1147,u_204259,2026-06-06,video_generation,45,5,0
1148,u_204262,2026-06-21,avatar_generator,35,0,0
1149,u_204264,2026-05-11,style_transfer,0,1,3
1150,u_204266,2026-06-08,style_transfer,3,1,1
1151,u_204267,2026-06-23,object_remover,15,0,0
1152,u_204268,2026-04-02,image_to_image,8,6,0
1153,u_204276,2026-06-13,ai_headshot,16,3,0
1154,u_204278,2026-05-14,text_to_image,5,5,0
1155,u_204279,2026-04-27,avatar_generator,9,0,0
1156,u_204306,2026-05-12,object_remover,18,0,1
1157,u_204316,2026-05-31,style_transfer,8,1,1
1158,u_204318,2026-06-09,tattoo_generator,16,0,0
1159,u_204321,2026-05-19,image_to_image,2,2,0
1160,u_204326,2026-06-07,video_generation,1,0,1
1161,u_204331,2026-06-21,logo_maker,2,6,0
1162,u_204340,2026-05-19,ai_headshot,11,0,0
1163,u_204340,2026-05-20,style_transfer,36,0,0
1164,u_204346,2026-06-09,video_generation,4,2,0
1165,u_204350,2026-05-09,object_remover,12,0,1
1166,u_204353,2026-06-20,video_generation,28,0,0
1167,u_204356,2026-03-23,text_to_image,24,0,0
1168,u_204357,2026-06-16,ai_headshot,9,4,0
1169,u_204365,2026-04-13,style_transfer,29,0,0
1170,u_204368,2026-05-25,outpaint_expand,18,1,0
1171,u_204368,2026-03-28,text_to_image,6,1,2
1172,u_204371,2026-05-27,upscaler_4k8k,24,2,1
1173,u_204391,2026-06-14,upscaler_4k8k,14,5,1
1174,u_204393,2026-04-04,object_remover,21,0,0
1175,u_204400,2026-06-28,style_transfer,4,2,0
1176,u_204410,2026-05-04,upscaler_4k8k,15,1,0
1177,u_204416,2026-05-05,object_remover,8,1,1
1178,u_204418,2026-06-24,outpaint_expand,33,6,0
1179,u_204420,2026-06-02,ai_headshot,6,1,0
1180,u_204424,2026-06-19,upscaler_4k8k,61,1,0
1181,u_204431,2026-06-20,logo_maker,10,5,0
1182,u_204434,2026-06-23,text_to_image,37,0,2
1183,u_204439,2026-04-04,tattoo_generator,13,1,1
1184,u_204449,2026-05-21,text_to_image,2,0,0
1185,u_204449,2026-03-27,style_transfer,3,2,2
1186,u_204454,2026-04-28,upscaler_4k8k,19,0,0
1187,u_204459,2026-03-09,upscaler_4k8k,34,2,0
1188,u_204461,2026-04-15,upscaler_4k8k,3,0,0
1189,u_204462,2026-06-28,text_to_image,48,0,0
1190,u_204472,2026-04-07,upscaler_4k8k,26,0,0
1191,u_204480,2026-05-25,video_generation,34,1,0
1192,u_204488,2026-05-20,ai_headshot,17,0,0
1193,u_204488,2026-05-20,style_transfer,14,3,0
1194,u_204494,2026-06-20,outpaint_expand,15,3,0
1195,u_204507,2026-06-21,avatar_generator,1,4,1
1196,u_204510,2026-06-03,avatar_generator,14,0,0
1197,u_204515,2026-05-24,text_to_image,27,2,0
1198,u_204515,2026-05-26,avatar_generator,2,0,2
1199,u_204521,2026-04-18,text_to_image,7,3,0
1200,u_204523,2026-04-07,tattoo_generator,1,0,0
1201,u_204523,2026-05-03,upscaler_4k8k,29,2,0
1202,u_204530,2026-03-15,text_to_image,5,1,0
1203,u_204530,2026-04-21,ai_headshot,3,3,0
1204,u_204531,2026-05-21,text_to_image,17,0,0
1205,u_204534,2026-04-13,style_transfer,20,1,0
1206,u_204535,2026-04-12,background_remover,53,0,0
1207,u_204537,2026-04-30,style_transfer,25,0,0
1208,u_204543,2026-03-21,background_remover,22,1,0
1209,u_204551,2026-06-27,text_to_image,7,1,2
1210,u_204554,2026-05-20,avatar_generator,1,1,0
1211,u_204556,2026-06-14,video_generation,9,0,1
1212,u_204556,2026-03-04,tattoo_generator,4,2,0
1213,u_204559,2026-06-08,text_to_image,11,2,1
1214,u_204564,2026-06-20,ai_headshot,40,0,0
1215,u_204565,2026-04-14,outpaint_expand,30,8,0
1216,u_204567,2026-04-13,outpaint_expand,31,1,0
1217,u_204567,2026-05-29,upscaler_4k8k,22,0,0
1218,u_204570,2026-06-13,text_to_image,0,3,0
1219,u_204577,2026-05-21,background_remover,37,2,0
1220,u_204583,2026-06-25,upscaler_4k8k,4,0,1
1221,u_204589,2026-06-22,outpaint_expand,0,3,0
1222,u_204607,2026-06-24,text_to_image,7,0,0
1223,u_204612,2026-06-15,text_to_image,47,9,0
1224,u_204615,2026-05-31,text_to_image,29,0,1
1225,u_204616,2026-05-07,logo_maker,11,0,0
1226,u_204617,2026-03-29,object_remover,18,1,0
1227,u_204617,2026-06-11,background_remover,11,3,1
1228,u_204629,2026-04-13,tattoo_generator,7,0,0
1229,u_204632,2026-03-12,flyer_poster_maker,1,5,0
1230,u_204633,2026-05-28,text_to_image,1,2,0
1231,u_204634,2026-04-28,text_to_image,21,2,0
1232,u_204641,2026-06-16,ai_headshot,12,0,1
1233,u_204643,2026-03-28,style_transfer,1,1,0
1234,u_204643,2026-04-17,image_to_image,2,5,2
1235,u_204643,2026-06-10,image_to_image,18,1,0
1236,u_204644,2026-06-28,object_remover,7,0,0
1237,u_204649,2026-05-24,upscaler_4k8k,37,0,0
1238,u_204649,2026-03-20,ai_headshot,25,4,0
1239,u_204671,2026-03-29,style_transfer,28,2,0
1240,u_204671,2026-04-15,ai_headshot,37,2,1
1241,u_204671,2026-04-21,upscaler_4k8k,3,0,1
1242,u_204677,2026-06-08,background_remover,44,0,0
1243,u_204677,2026-06-26,ai_headshot,68,1,0
1244,u_204679,2026-04-25,outpaint_expand,9,0,0
1245,u_204679,2026-06-27,text_to_image,22,3,1
1246,u_204679,2026-06-17,flyer_poster_maker,6,2,0
1247,u_204682,2026-06-11,image_to_image,10,1,0
1248,u_204682,2026-04-13,image_to_image,8,6,0
1249,u_204685,2026-05-06,video_generation,1,0,0
1250,u_204687,2026-03-26,ai_headshot,9,1,0
1251,u_204692,2026-05-05,image_to_image,18,0,0
1252,u_204693,2026-04-10,video_generation,8,5,0
1253,u_204694,2026-04-30,text_to_image,46,1,0
1254,u_204700,2026-03-17,text_to_image,4,1,0
1255,u_204704,2026-04-30,tattoo_generator,2,0,0
1256,u_204704,2026-05-02,video_generation,5,1,0
1257,u_204712,2026-06-10,text_to_image,23,1,0
1258,u_204713,2026-04-26,ai_headshot,35,1,0
1259,u_204713,2026-04-07,text_to_image,27,1,0
1260,u_204720,2026-06-27,tattoo_generator,4,0,0
1261,u_204731,2026-06-11,text_to_image,45,4,0
1262,u_204755,2026-06-27,background_remover,20,1,0
1263,u_204755,2026-06-04,upscaler_4k8k,10,0,0
1264,u_204759,2026-06-04,ai_headshot,17,1,0
1265,u_204759,2026-05-23,image_to_image,3,1,0
1266,u_204759,2026-03-18,ai_headshot,5,8,0
1267,u_204759,2026-06-19,video_generation,40,1,1
1268,u_204762,2026-06-10,logo_maker,0,0,0
1269,u_204767,2026-06-05,object_remover,5,0,0
1270,u_204767,2026-06-11,logo_maker,10,0,0
1271,u_204772,2026-04-20,ai_headshot,19,1,0
1272,u_204774,2026-04-25,logo_maker,4,0,1
1273,u_204782,2026-06-22,outpaint_expand,6,2,1
1274,u_204783,2026-06-26,text_to_image,9,0,0
1275,u_204785,2026-05-23,avatar_generator,2,1,0
1276,u_204792,2026-06-11,text_to_image,39,2,0
1277,u_204792,2026-06-21,text_to_image,18,2,1
1278,u_204796,2026-03-25,upscaler_4k8k,5,2,0
1279,u_204804,2026-06-19,video_generation,21,2,1
1280,u_204814,2026-05-18,background_remover,0,1,1
1281,u_204818,2026-06-05,text_to_image,2,0,0
1282,u_204818,2026-04-15,flyer_poster_maker,7,0,0
1283,u_204820,2026-05-13,text_to_image,0,1,0
1284,u_204820,2026-03-20,background_remover,3,1,0
1285,u_204826,2026-06-26,logo_maker,44,0,0
1286,u_204827,2026-06-20,upscaler_4k8k,4,1,0
1287,u_204835,2026-04-29,logo_maker,37,3,0
1288,u_204839,2026-05-04,text_to_image,2,1,2
1289,u_204842,2026-06-10,text_to_image,5,3,0
1290,u_204844,2026-06-18,style_transfer,13,1,0
1291,u_204853,2026-05-01,object_remover,10,0,0
1292,u_204853,2026-05-26,text_to_image,2,0,0
1293,u_204857,2026-04-11,text_to_image,12,3,1
1294,u_204859,2026-03-25,background_remover,19,1,1
1295,u_204860,2026-05-18,style_transfer,16,2,1
1296,u_204860,2026-06-14,style_transfer,18,0,0
1297,u_204860,2026-06-23,flyer_poster_maker,18,6,1
1298,u_204866,2026-05-04,tattoo_generator,32,1,0
1299,u_204868,2026-05-29,background_remover,16,2,0
1300,u_204872,2026-06-07,upscaler_4k8k,10,0,0
1301,u_204874,2026-05-17,text_to_image,30,0,0
1302,u_204877,2026-05-26,ai_headshot,16,0,0
1303,u_204884,2026-05-31,style_transfer,12,1,0
1304,u_204895,2026-06-01,video_generation,21,0,0
1305,u_204901,2026-04-24,text_to_image,5,0,0
1306,u_204901,2026-04-21,upscaler_4k8k,21,0,0
1307,u_204905,2026-06-19,text_to_image,6,0,0
1308,u_204910,2026-04-23,background_remover,44,0,0
1309,u_204912,2026-05-22,image_to_image,6,3,0
1310,u_204918,2026-05-04,video_generation,12,0,0
1311,u_204918,2026-05-27,image_to_image,1,1,0
1312,u_204918,2026-05-21,ai_headshot,29,0,0
1313,u_204920,2026-06-14,video_generation,28,2,0
1314,u_204922,2026-04-08,image_to_image,18,1,0
1315,u_204924,2026-06-03,style_transfer,0,0,0
1316,u_204924,2026-05-17,flyer_poster_maker,20,0,0
1317,u_204930,2026-06-21,text_to_image,71,0,0
1318,u_204930,2026-05-18,style_transfer,5,2,0
1319,u_204937,2026-06-26,object_remover,7,2,0
1320,u_204943,2026-04-17,object_remover,3,1,0
1321,u_204945,2026-05-23,object_remover,16,1,1
1322,u_204952,2026-06-15,image_to_image,0,0,0
1323,u_204963,2026-05-24,text_to_image,15,2,0
1324,u_204963,2026-06-28,video_generation,23,0,3
1325,u_204980,2026-03-28,outpaint_expand,43,0,0
1326,u_204986,2026-06-12,text_to_image,5,0,0
1327,u_204987,2026-06-28,image_to_image,0,1,0
1328,u_205009,2026-04-30,outpaint_expand,6,0,0
1329,u_205009,2026-03-30,background_remover,36,1,2
1330,u_205009,2026-03-22,logo_maker,25,2,1
1331,u_205015,2026-05-22,outpaint_expand,9,4,0
1332,u_205017,2026-04-25,ai_headshot,15,4,0
1333,u_205023,2026-05-26,object_remover,6,4,2
1334,u_205028,2026-05-03,logo_maker,19,3,0
1335,u_205029,2026-04-20,upscaler_4k8k,20,0,0
1336,u_205034,2026-06-03,background_remover,2,2,0
1337,u_205034,2026-05-07,ai_headshot,17,1,0
1338,u_205039,2026-04-26,text_to_image,0,0,0
1339,u_205046,2026-06-27,text_to_image,8,0,0
1340,u_205049,2026-03-25,image_to_image,42,1,0
1341,u_205051,2026-05-27,image_to_image,1,0,0
1342,u_205051,2026-06-22,video_generation,32,3,0
1343,u_205051,2026-06-09,logo_maker,4,1,0
1344,u_205054,2026-04-21,product_mockup,3,0,0
1345,u_205058,2026-05-06,avatar_generator,64,1,0
1346,u_205059,2026-06-14,object_remover,22,2,0
1347,u_205061,2026-06-15,text_to_image,14,0,0
1348,u_205061,2026-06-13,background_remover,12,1,0
1349,u_205064,2026-06-03,flyer_poster_maker,31,0,1
1350,u_205089,2026-05-01,interior_design,0,2,0
1351,u_205094,2026-05-01,avatar_generator,0,3,4
1352,u_205095,2026-05-04,upscaler_4k8k,1,0,0
1353,u_205099,2026-06-08,style_transfer,26,2,0
1354,u_205102,2026-05-25,video_generation,10,0,0
1355,u_205110,2026-05-14,avatar_generator,21,2,0
1356,u_205117,2026-04-11,flyer_poster_maker,2,2,0
1357,u_205123,2026-05-23,video_generation,1,1,0
1358,u_205132,2026-04-18,text_to_image,24,0,0
1359,u_205135,2026-05-18,ai_headshot,7,5,0
1360,u_205136,2026-05-17,background_remover,7,0,0
1361,u_205138,2026-04-29,style_transfer,1,4,0
1362,u_205138,2026-03-02,image_to_image,5,0,0
1363,u_205139,2026-06-23,text_to_image,16,0,0
1364,u_205144,2026-06-26,text_to_image,3,0,0
1365,u_205153,2026-06-25,text_to_image,3,0,0
1366,u_205158,2026-05-23,ai_headshot,12,1,0
1367,u_205159,2026-04-21,upscaler_4k8k,12,1,0
1368,u_205162,2026-06-09,product_mockup,11,0,0
1369,u_205165,2026-05-02,style_transfer,15,2,0
1370,u_205174,2026-05-02,background_remover,6,0,1
1371,u_205178,2026-05-25,text_to_image,2,0,0
1372,u_205180,2026-05-22,video_generation,25,3,0
1373,u_205180,2026-05-12,video_generation,0,0,0
1374,u_205192,2026-06-01,video_generation,1,3,0
1375,u_205194,2026-06-26,ai_headshot,28,2,0
1376,u_205200,2026-06-04,image_to_image,5,1,0
1377,u_205209,2026-04-04,text_to_image,35,0,1
1378,u_205209,2026-04-14,object_remover,11,0,0
1379,u_205210,2026-05-05,logo_maker,1,2,1
1380,u_205213,2026-05-04,style_transfer,4,0,0
1381,u_205217,2026-06-28,image_to_image,15,0,0
1382,u_205220,2026-04-30,image_to_image,17,5,0
1383,u_205222,2026-06-28,upscaler_4k8k,0,1,0
1384,u_205224,2026-06-12,avatar_generator,4,1,2
1385,u_205233,2026-05-13,style_transfer,5,2,1
1386,u_205235,2026-06-13,text_to_image,19,1,0
1387,u_205235,2026-06-05,upscaler_4k8k,26,1,0
1388,u_205235,2026-06-03,image_to_image,34,1,0
1389,u_205235,2026-04-29,text_to_image,22,2,0
1390,u_205235,2026-04-29,image_to_image,21,9,1
1391,u_205237,2026-05-31,tattoo_generator,24,1,1
1392,u_205237,2026-05-25,upscaler_4k8k,6,1,0
1393,u_205238,2026-04-29,style_transfer,0,0,0
1394,u_205238,2026-04-16,outpaint_expand,11,0,0
1395,u_205244,2026-06-06,ai_headshot,17,3,0
1396,u_205244,2026-05-03,video_generation,7,0,1
1397,u_205249,2026-06-26,flyer_poster_maker,2,5,1
1398,u_205249,2026-06-18,text_to_image,28,2,0
1399,u_205258,2026-04-14,avatar_generator,3,1,1
1400,u_205273,2026-06-19,ai_headshot,5,2,0
1401,u_205289,2026-05-11,video_generation,12,1,0
1402,u_205294,2026-03-30,text_to_image,4,2,0
1403,u_205297,2026-03-21,image_to_image,2,0,0
1404,u_205304,2026-05-29,image_to_image,31,5,0
1405,u_205305,2026-06-15,image_to_image,14,0,1
1406,u_205308,2026-05-30,upscaler_4k8k,10,0,0
1407,u_205315,2026-04-26,object_remover,23,2,0
1408,u_205315,2026-05-12,text_to_image,4,3,0
1409,u_205315,2026-04-26,avatar_generator,16,3,0
1410,u_205316,2026-03-28,text_to_image,10,5,1
1411,u_205317,2026-03-15,logo_maker,34,4,0
1412,u_205326,2026-06-20,ai_headshot,105,0,0
1413,u_205330,2026-04-26,outpaint_expand,11,0,1
1414,u_205335,2026-06-24,image_to_image,25,1,0
1415,u_205335,2026-04-25,tattoo_generator,13,2,0
1416,u_205335,2026-05-20,video_generation,13,0,0
1417,u_205340,2026-04-27,avatar_generator,9,1,1
1418,u_205346,2026-04-04,video_generation,41,2,0
1419,u_205365,2026-06-16,tattoo_generator,1,1,0
1420,u_205369,2026-05-15,outpaint_expand,6,9,0
1421,u_205389,2026-04-14,tattoo_generator,25,1,0
1422,u_205405,2026-05-18,interior_design,24,3,0
1423,u_205407,2026-06-17,text_to_image,15,2,0
1424,u_205409,2026-06-09,text_to_image,40,2,0
1425,u_205416,2026-05-28,logo_maker,10,1,1
1426,u_205417,2026-05-23,image_to_image,2,2,0
1427,u_205419,2026-06-02,object_remover,0,0,0
1428,u_205422,2026-05-18,video_generation,1,0,0
1429,u_205435,2026-05-29,style_transfer,49,0,0
1430,u_205436,2026-06-17,outpaint_expand,6,0,0
1431,u_205444,2026-04-30,image_to_image,1,1,0
1432,u_205450,2026-06-24,background_remover,37,2,0
1433,u_205453,2026-05-29,text_to_image,2,4,0
1434,u_205455,2026-06-15,style_transfer,1,3,0
1435,u_205472,2026-06-24,text_to_image,51,0,0
1436,u_205477,2026-06-27,image_to_image,1,8,1
1437,u_205481,2026-04-14,style_transfer,0,2,0
1438,u_205482,2026-05-03,image_to_image,0,0,0
1439,u_205482,2026-04-30,image_to_image,14,0,0
1440,u_205482,2026-05-02,ai_headshot,0,4,0
1441,u_205484,2026-03-26,flyer_poster_maker,10,1,0
1442,u_205485,2026-06-04,style_transfer,2,0,0
1443,u_205486,2026-05-11,tattoo_generator,2,0,0
1444,u_205493,2026-06-27,avatar_generator,9,1,0
1445,u_205495,2026-06-03,text_to_image,22,0,0
1446,u_205496,2026-04-20,logo_maker,3,1,1
1447,u_205496,2026-05-09,video_generation,13,0,0
1448,u_205496,2026-03-16,text_to_image,2,2,0
1449,u_205509,2026-05-30,text_to_image,3,0,1
1450,u_205510,2026-05-27,object_remover,24,2,0
1451,u_205516,2026-05-09,product_mockup,9,1,0
1452,u_205516,2026-05-10,avatar_generator,9,0,1
1453,u_205525,2026-06-02,text_to_image,16,3,0
1454,u_205531,2026-05-19,style_transfer,8,2,2
1455,u_205531,2026-06-19,image_to_image,4,0,0
1456,u_205534,2026-05-15,background_remover,47,0,1
1457,u_205541,2026-06-28,background_remover,3,0,0
1458,u_205546,2026-04-09,style_transfer,13,2,0
1459,u_205557,2026-05-15,text_to_image,6,0,0
1460,u_205563,2026-04-24,object_remover,2,0,0
1461,u_205571,2026-04-19,background_remover,32,3,0
1462,u_205584,2026-06-04,interior_design,3,2,1
1463,u_205585,2026-05-02,text_to_image,30,1,0
1464,u_205589,2026-06-14,upscaler_4k8k,67,3,0
1465,u_205589,2026-04-21,video_generation,22,8,0
1466,u_205590,2026-06-09,style_transfer,47,2,1
1467,u_205593,2026-04-21,video_generation,0,0,0
1468,u_205593,2026-05-15,text_to_image,31,1,0
1469,u_205596,2026-06-17,text_to_image,55,2,1
1470,u_205600,2026-06-02,object_remover,3,5,0
1471,u_205600,2026-06-11,text_to_image,16,8,1
1472,u_205602,2026-06-19,text_to_image,32,2,0
1473,u_205613,2026-04-05,text_to_image,0,2,0
1474,u_205613,2026-05-26,text_to_image,112,0,0
1475,u_205623,2026-06-09,object_remover,13,0,0
1476,u_205632,2026-05-13,outpaint_expand,32,0,0
1477,u_205632,2026-05-31,image_to_image,11,0,0
1478,u_205641,2026-06-20,background_remover,40,0,0
1479,u_205645,2026-06-12,text_to_image,12,2,1
1480,u_205650,2026-06-21,image_to_image,20,0,2
1481,u_205650,2026-05-08,avatar_generator,7,6,0
1482,u_205662,2026-04-22,text_to_image,10,0,1
1483,u_205667,2026-05-28,upscaler_4k8k,14,2,0
1484,u_205669,2026-05-26,text_to_image,33,1,0
1485,u_205676,2026-06-03,interior_design,17,2,0
1486,u_205681,2026-06-06,tattoo_generator,25,0,0
1487,u_205683,2026-06-17,text_to_image,0,1,0
1488,u_205684,2026-05-03,background_remover,29,7,0
1489,u_205690,2026-05-07,object_remover,10,2,1
1490,u_205697,2026-05-15,object_remover,8,0,0
1491,u_205703,2026-06-06,ai_headshot,18,0,0
1492,u_205711,2026-06-18,ai_headshot,0,0,0
1493,u_205711,2026-05-13,image_to_image,15,2,0
1494,u_205722,2026-05-21,image_to_image,14,7,0
1495,u_205734,2026-05-01,text_to_image,18,3,0
1496,u_205738,2026-04-23,ai_headshot,2,0,1
1497,u_205738,2026-04-18,ai_headshot,15,8,0
1498,u_205748,2026-04-12,upscaler_4k8k,21,0,0
1499,u_205753,2026-03-08,text_to_image,3,0,0
1500,u_205756,2026-06-23,style_transfer,38,8,0
1501,u_205756,2026-06-19,text_to_image,25,2,2
1502,u_205764,2026-04-30,image_to_image,35,0,0
1503,u_205770,2026-03-29,product_mockup,23,1,0
1504,u_205780,2026-03-27,tattoo_generator,6,0,0
1505,u_205784,2026-05-28,text_to_image,8,1,0
1506,u_205788,2026-05-28,flyer_poster_maker,0,1,1
1507,u_205793,2026-05-06,text_to_image,1,1,0
1508,u_205793,2026-06-02,outpaint_expand,22,0,2
1509,u_205813,2026-06-04,flyer_poster_maker,2,5,1
1510,u_205822,2026-04-03,outpaint_expand,3,0,0
1511,u_205822,2026-04-11,ai_headshot,18,1,0
1512,u_205825,2026-04-19,text_to_image,5,9,1
1513,u_205825,2026-06-14,object_remover,2,1,0
1514,u_205825,2026-05-24,tattoo_generator,1,3,0
1515,u_205835,2026-04-20,ai_headshot,42,0,3
1516,u_205841,2026-06-16,logo_maker,6,1,1
1517,u_205842,2026-04-21,flyer_poster_maker,21,1,0
1518,u_205842,2026-06-04,text_to_image,14,1,1
1519,u_205853,2026-06-28,text_to_image,23,1,0
1520,u_205858,2026-06-15,ai_headshot,10,0,0
1521,u_205865,2026-05-31,background_remover,15,1,0
1522,u_205876,2026-05-24,video_generation,11,3,0
1523,u_205881,2026-06-12,ai_headshot,3,1,0
1524,u_205882,2026-06-06,product_mockup,51,1,1
1525,u_205887,2026-06-09,text_to_image,20,0,0
1526,u_205888,2026-05-17,text_to_image,29,0,0
1527,u_205900,2026-04-08,ai_headshot,7,1,0
1528,u_205900,2026-05-25,ai_headshot,1,1,0
1529,u_205900,2026-05-18,video_generation,44,0,0
1530,u_205901,2026-06-14,video_generation,37,2,2
1531,u_205903,2026-06-22,style_transfer,1,0,0
1532,u_205903,2026-05-19,text_to_image,41,0,0
1533,u_205907,2026-04-27,video_generation,11,3,0
1534,u_205909,2026-05-28,text_to_image,12,3,0
1535,u_205911,2026-04-20,video_generation,43,7,0
1536,u_205912,2026-05-20,text_to_image,17,0,0
1537,u_205913,2026-05-29,image_to_image,13,1,0
1538,u_205915,2026-06-16,text_to_image,14,1,0
1539,u_205925,2026-04-11,avatar_generator,9,2,0
1540,u_205937,2026-05-17,style_transfer,26,0,0
1541,u_205937,2026-03-29,text_to_image,62,0,0
1542,u_205938,2026-06-10,text_to_image,25,0,0
1543,u_205940,2026-04-10,style_transfer,5,0,0
1544,u_205945,2026-04-27,flyer_poster_maker,20,0,0
1545,u_205955,2026-06-10,text_to_image,61,2,1
1546,u_205956,2026-05-04,style_transfer,9,0,0
1547,u_205960,2026-03-23,ai_headshot,9,1,0
1548,u_205961,2026-06-24,avatar_generator,5,2,0
1549,u_205961,2026-04-14,style_transfer,7,1,0
1550,u_205962,2026-05-29,text_to_image,46,4,0
1551,u_205969,2026-06-10,logo_maker,8,0,0
1552,u_205977,2026-04-05,video_generation,3,2,3
1553,u_205985,2026-06-10,flyer_poster_maker,6,1,0
1554,u_205996,2026-05-24,video_generation,5,4,0
1555,u_205999,2026-06-26,text_to_image,5,1,0
1556,u_206006,2026-05-26,ai_headshot,9,0,2
1557,u_206007,2026-05-01,interior_design,13,2,1
1558,u_206008,2026-06-07,style_transfer,16,1,0
1559,u_206008,2026-05-07,product_mockup,40,3,0
1560,u_206023,2026-05-10,ai_headshot,7,0,1
1561,u_206027,2026-04-01,background_remover,14,0,0
1562,u_206031,2026-06-14,background_remover,2,2,0
1563,u_206037,2026-04-28,image_to_image,7,0,0
1564,u_206037,2026-06-10,text_to_image,1,0,2
1565,u_206040,2026-04-15,logo_maker,25,0,0
1566,u_206043,2026-06-11,text_to_image,20,7,0
1567,u_206046,2026-04-01,style_transfer,22,5,0
1568,u_206053,2026-06-08,ai_headshot,21,4,1
1569,u_206061,2026-05-20,text_to_image,3,6,0
1570,u_206061,2026-05-14,text_to_image,4,0,0
1571,u_206066,2026-05-06,text_to_image,30,6,0
1572,u_206067,2026-06-12,image_to_image,9,0,0
1573,u_206067,2026-04-10,text_to_image,2,0,1
1574,u_206075,2026-03-14,background_remover,8,2,0
1575,u_206075,2026-03-29,text_to_image,1,3,0
1576,u_206081,2026-03-28,upscaler_4k8k,12,0,0
1577,u_206082,2026-03-10,background_remover,44,0,0
1578,u_206082,2026-03-29,text_to_image,17,0,2
1579,u_206082,2026-06-26,style_transfer,20,2,2
1580,u_206082,2026-06-03,background_remover,9,4,0
1581,u_206082,2026-04-02,outpaint_expand,23,1,0
1582,u_206086,2026-05-14,text_to_image,20,1,1
1583,u_206089,2026-06-14,style_transfer,19,0,0
1584,u_206091,2026-05-08,outpaint_expand,1,0,0
1585,u_206095,2026-06-16,style_transfer,0,3,1
1586,u_206096,2026-06-20,background_remover,28,1,0
1587,u_206101,2026-04-12,video_generation,6,1,0
1588,u_206112,2026-06-20,ai_headshot,16,0,0
1589,u_206129,2026-05-29,flyer_poster_maker,1,1,0
1590,u_206136,2026-06-07,text_to_image,15,0,0
1591,u_206137,2026-05-22,tattoo_generator,34,0,0
1592,u_206142,2026-06-27,avatar_generator,4,2,0
1593,u_206148,2026-03-28,image_to_image,36,1,0
1594,u_206152,2026-06-03,upscaler_4k8k,7,1,0
1595,u_206152,2026-05-13,text_to_image,24,2,0
1596,u_206153,2026-06-10,text_to_image,9,0,0
1597,u_206155,2026-06-12,text_to_image,5,0,0
1598,u_206158,2026-06-09,text_to_image,4,0,0
1599,u_206159,2026-05-16,text_to_image,7,1,0
1600,u_206160,2026-05-31,text_to_image,7,0,0
1601,u_206165,2026-05-25,image_to_image,10,0,0
1602,u_206165,2026-04-24,ai_headshot,5,0,2
1603,u_206170,2026-06-16,flyer_poster_maker,6,0,0
1604,u_206170,2026-06-06,text_to_image,20,1,0
1605,u_206175,2026-06-27,image_to_image,11,1,0
1606,u_206179,2026-04-09,image_to_image,2,3,0
1607,u_206179,2026-06-06,background_remover,3,5,0
1608,u_206180,2026-06-21,text_to_image,14,0,1
1609,u_206189,2026-05-23,style_transfer,4,0,0
1610,u_206194,2026-06-26,ai_headshot,5,0,0
1611,u_206216,2026-06-11,avatar_generator,12,1,0
1612,u_206222,2026-05-03,outpaint_expand,1,0,0
1613,u_206225,2026-03-11,outpaint_expand,8,8,0
1614,u_206226,2026-06-16,video_generation,8,0,0
1615,u_206227,2026-06-07,ai_headshot,11,0,0
1616,u_206229,2026-05-30,text_to_image,3,3,0
1617,u_206233,2026-06-22,image_to_image,1,4,0
1618,u_206235,2026-06-04,upscaler_4k8k,6,0,0
1619,u_206235,2026-05-30,text_to_image,8,4,0
1620,u_206239,2026-05-30,flyer_poster_maker,5,5,0
1621,u_206239,2026-06-10,style_transfer,5,2,0
1622,u_206242,2026-06-13,text_to_image,12,1,0
1623,u_206243,2026-04-06,style_transfer,22,2,0
1624,u_206244,2026-06-18,image_to_image,33,0,0
1625,u_206245,2026-04-07,ai_headshot,11,2,0
1626,u_206246,2026-06-19,ai_headshot,8,4,0
1627,u_206248,2026-04-27,object_remover,13,5,0
1628,u_206250,2026-06-15,text_to_image,6,3,1
1629,u_206259,2026-06-20,object_remover,20,1,0
1630,u_206262,2026-05-18,image_to_image,28,7,0
1631,u_206268,2026-05-18,flyer_poster_maker,12,6,0
1632,u_206268,2026-04-16,image_to_image,9,2,0
1633,u_206269,2026-06-27,text_to_image,5,1,0
1634,u_206273,2026-05-11,ai_headshot,0,0,0
1635,u_206273,2026-06-11,flyer_poster_maker,63,1,0
1636,u_206278,2026-05-24,upscaler_4k8k,2,0,0
1637,u_206281,2026-05-16,style_transfer,17,1,0
1638,u_206282,2026-03-13,video_generation,21,3,0
1639,u_206290,2026-04-18,interior_design,0,0,0
1640,u_206296,2026-03-17,text_to_image,49,1,0
1641,u_206298,2026-06-03,text_to_image,10,0,1
1642,u_206299,2026-05-16,tattoo_generator,32,4,0
1643,u_206301,2026-05-13,text_to_image,7,0,0
1644,u_206302,2026-06-24,text_to_image,49,0,0
1645,u_206309,2026-05-15,tattoo_generator,19,0,0
1646,u_206310,2026-04-26,interior_design,14,2,0
1647,u_206319,2026-06-28,text_to_image,6,0,0
1648,u_206320,2026-05-22,object_remover,1,1,0
1649,u_206328,2026-06-25,background_remover,21,4,0
1650,u_206333,2026-05-04,style_transfer,17,0,0
1651,u_206335,2026-06-10,style_transfer,9,0,0
1652,u_206339,2026-05-28,text_to_image,28,0,0
1653,u_206340,2026-05-07,text_to_image,8,3,0
1654,u_206340,2026-06-24,text_to_image,9,0,0
1655,u_206346,2026-04-29,background_remover,27,0,0
1656,u_206347,2026-06-15,background_remover,12,0,0
1657,u_206353,2026-06-01,image_to_image,1,0,0
1658,u_206359,2026-06-19,image_to_image,9,2,0
1659,u_206359,2026-06-22,upscaler_4k8k,16,1,0
1660,u_206363,2026-05-22,text_to_image,19,0,0
1661,u_206374,2026-05-02,background_remover,26,1,0
1662,u_206376,2026-06-06,object_remover,9,0,2
1663,u_206381,2026-06-19,style_transfer,11,1,0
1664,u_206385,2026-06-13,background_remover,16,7,0
1665,u_206392,2026-06-05,flyer_poster_maker,1,0,0
1666,u_206394,2026-05-10,background_remover,61,1,0
1667,u_206413,2026-05-29,video_generation,14,0,0
1668,u_206413,2026-05-29,style_transfer,64,1,0
1669,u_206419,2026-04-14,image_to_image,66,2,1
1670,u_206422,2026-05-16,text_to_image,6,1,0
1671,u_206424,2026-06-24,text_to_image,20,0,0
1672,u_206425,2026-06-22,text_to_image,12,4,0
1673,u_206428,2026-05-17,image_to_image,27,1,0
1674,u_206432,2026-05-18,text_to_image,14,2,0
1675,u_206433,2026-05-02,object_remover,8,1,0
1676,u_206433,2026-05-01,outpaint_expand,25,3,0
1677,u_206435,2026-06-13,ai_headshot,0,0,0
1678,u_206436,2026-05-07,logo_maker,6,0,1
1679,u_206436,2026-04-02,ai_headshot,24,0,0
1680,u_206438,2026-04-23,outpaint_expand,6,1,1
1681,u_206443,2026-06-13,text_to_image,28,0,0
1682,u_206448,2026-06-17,background_remover,3,0,0
1683,u_206448,2026-06-05,text_to_image,0,0,2
1684,u_206455,2026-05-07,ai_headshot,2,4,0
1685,u_206464,2026-03-22,background_remover,11,4,0
1686,u_206469,2026-04-22,ai_headshot,56,1,1
1687,u_206476,2026-06-20,background_remover,27,0,0
1688,u_206481,2026-05-17,text_to_image,12,0,0
1689,u_206484,2026-05-09,ai_headshot,8,2,0
1690,u_206488,2026-05-14,product_mockup,19,0,0
1691,u_206488,2026-05-30,interior_design,19,0,0
1692,u_206489,2026-05-01,text_to_image,3,2,0
1693,u_206491,2026-06-25,logo_maker,13,1,0
1694,u_206491,2026-06-13,avatar_generator,34,1,0
1695,u_206492,2026-05-04,text_to_image,14,3,0
1696,u_206495,2026-05-13,style_transfer,3,0,0
1697,u_206496,2026-05-28,image_to_image,10,0,1
1698,u_206496,2026-05-18,image_to_image,2,1,0
1699,u_206496,2026-06-18,object_remover,17,3,0
1700,u_206498,2026-06-10,flyer_poster_maker,14,1,0
1701,u_206498,2026-05-22,logo_maker,19,2,0
1702,u_206502,2026-04-20,avatar_generator,11,1,1
1703,u_206504,2026-06-20,style_transfer,28,2,1
1704,u_206508,2026-06-22,upscaler_4k8k,23,1,1
1705,u_206513,2026-04-11,avatar_generator,1,0,0
1706,u_206514,2026-04-19,tattoo_generator,84,3,0
1707,u_206516,2026-06-22,upscaler_4k8k,34,0,1
1708,u_206517,2026-03-30,outpaint_expand,14,5,0
1709,u_206521,2026-06-02,object_remover,15,2,0
1710,u_206525,2026-06-01,style_transfer,10,0,1
1711,u_206526,2026-04-08,interior_design,0,0,0
1712,u_206528,2026-06-14,text_to_image,16,2,2
1713,u_206539,2026-06-03,outpaint_expand,2,0,0
1714,u_206545,2026-06-10,background_remover,16,2,1
1715,u_206548,2026-06-17,style_transfer,17,1,0
1716,u_206548,2026-04-09,avatar_generator,50,4,0
1717,u_206549,2026-04-05,image_to_image,10,11,0
1718,u_206549,2026-06-03,background_remover,13,3,0
1719,u_206552,2026-04-25,background_remover,57,1,0
1720,u_206554,2026-05-03,style_transfer,1,0,0
1721,u_206554,2026-05-04,outpaint_expand,40,1,0
1722,u_206555,2026-05-04,background_remover,20,0,0
1723,u_206556,2026-06-04,upscaler_4k8k,3,2,0
1724,u_206558,2026-03-09,style_transfer,1,0,0
1725,u_206565,2026-04-06,background_remover,88,2,0
1726,u_206569,2026-05-18,video_generation,1,0,1
1727,u_206573,2026-06-10,upscaler_4k8k,25,3,0
1728,u_206575,2026-06-18,text_to_image,4,1,0
1729,u_206578,2026-05-21,text_to_image,0,3,1
1730,u_206578,2026-06-09,text_to_image,3,0,1
1731,u_206584,2026-06-18,upscaler_4k8k,5,1,1
1732,u_206584,2026-05-22,ai_headshot,75,2,0
1733,u_206584,2026-06-17,style_transfer,4,8,0
1734,u_206585,2026-05-16,upscaler_4k8k,50,0,0
1735,u_206589,2026-06-13,style_transfer,0,1,0
1736,u_206591,2026-05-13,text_to_image,16,0,0
1737,u_206592,2026-06-25,text_to_image,10,0,0
1738,u_206599,2026-06-26,ai_headshot,8,0,1
1739,u_206600,2026-05-11,outpaint_expand,24,3,0
1740,u_206603,2026-06-28,image_to_image,12,0,0
1741,u_206603,2026-06-17,text_to_image,42,0,0
1742,u_206604,2026-06-24,logo_maker,6,0,0
1743,u_206604,2026-06-16,background_remover,25,0,1
1744,u_206605,2026-04-25,image_to_image,43,2,1
1745,u_206611,2026-05-30,text_to_image,0,1,0
1746,u_206614,2026-06-25,text_to_image,41,3,1
1747,u_206617,2026-04-26,flyer_poster_maker,9,0,0
1748,u_206619,2026-06-15,upscaler_4k8k,3,1,1
1749,u_206623,2026-06-13,upscaler_4k8k,18,6,0
1750,u_206624,2026-05-15,upscaler_4k8k,19,1,0
1751,u_206625,2026-04-18,object_remover,12,0,0
1752,u_206626,2026-06-26,ai_headshot,7,3,0
1753,u_206627,2026-06-27,background_remover,15,0,0
1754,u_206627,2026-06-07,object_remover,5,0,2
1755,u_206638,2026-05-06,text_to_image,0,1,0
1756,u_206644,2026-05-31,style_transfer,6,1,0
1757,u_206648,2026-05-16,image_to_image,19,1,0
1758,u_206648,2026-05-19,background_remover,86,1,1
1759,u_206653,2026-06-01,ai_headshot,27,1,0
1760,u_206656,2026-03-30,image_to_image,7,2,0
1761,u_206656,2026-03-21,upscaler_4k8k,16,2,0
1762,u_206661,2026-06-15,image_to_image,10,0,0
1763,u_206671,2026-05-10,image_to_image,44,0,0
1764,u_206671,2026-04-27,background_remover,19,0,1
1765,u_206674,2026-04-27,avatar_generator,117,3,0
1766,u_206690,2026-05-02,video_generation,1,1,0
1767,u_206691,2026-05-12,upscaler_4k8k,35,0,0
1768,u_206701,2026-05-19,image_to_image,4,2,0
1769,u_206704,2026-06-06,ai_headshot,5,1,1
1770,u_206722,2026-04-12,image_to_image,35,2,0
1771,u_206723,2026-04-17,upscaler_4k8k,15,7,0
1772,u_206726,2026-05-06,text_to_image,4,1,1
1773,u_206727,2026-05-30,ai_headshot,37,0,0
1774,u_206728,2026-06-23,text_to_image,3,0,0
1775,u_206731,2026-05-14,tattoo_generator,11,2,1
1776,u_206734,2026-03-29,image_to_image,9,0,0
1777,u_206735,2026-06-26,style_transfer,38,4,1
1778,u_206739,2026-05-11,avatar_generator,23,1,2
1779,u_206742,2026-05-12,image_to_image,0,5,0
1780,u_206743,2026-05-27,text_to_image,30,2,0
1781,u_206744,2026-06-22,video_generation,12,3,0
1782,u_206745,2026-03-27,text_to_image,9,2,0
1783,u_206745,2026-03-25,flyer_poster_maker,10,3,0
1784,u_206747,2026-06-27,text_to_image,5,1,1
1785,u_206755,2026-06-25,object_remover,20,7,0
1786,u_206755,2026-04-24,flyer_poster_maker,2,1,0
1787,u_206756,2026-06-03,outpaint_expand,2,1,0
1788,u_206756,2026-05-29,background_remover,1,5,0
1789,u_206759,2026-05-09,background_remover,17,0,0
1790,u_206759,2026-05-04,background_remover,33,0,0
1791,u_206759,2026-06-19,upscaler_4k8k,17,3,0
1792,u_206760,2026-05-29,style_transfer,3,1,2
1793,u_206763,2026-06-01,outpaint_expand,1,0,0
1794,u_206764,2026-04-30,style_transfer,55,0,0
1795,u_206764,2026-06-12,video_generation,6,0,0
1796,u_206764,2026-03-11,ai_headshot,47,0,0
1797,u_206776,2026-04-18,style_transfer,0,1,0
1798,u_206783,2026-05-30,image_to_image,5,1,0
1799,u_206784,2026-05-12,logo_maker,12,0,0
1800,u_206792,2026-04-07,avatar_generator,5,3,0
1801,u_206795,2026-06-10,text_to_image,3,1,0
1802,u_206802,2026-04-24,video_generation,3,4,1
1803,u_206808,2026-03-31,outpaint_expand,23,4,1
1804,u_206812,2026-06-24,style_transfer,0,2,0
1805,u_206820,2026-06-04,background_remover,50,0,0
1806,u_206824,2026-06-28,image_to_image,12,0,0
1807,u_206827,2026-06-13,text_to_image,75,1,0
1808,u_206829,2026-05-27,text_to_image,10,1,0
1809,u_206836,2026-06-04,background_remover,3,0,0
1810,u_206840,2026-05-25,ai_headshot,29,0,0
1811,u_206847,2026-03-30,image_to_image,12,2,0
1812,u_206848,2026-06-08,text_to_image,3,0,0
1813,u_206853,2026-06-27,text_to_image,6,0,1
1814,u_206854,2026-04-18,text_to_image,15,2,0
1815,u_206854,2026-04-21,text_to_image,2,0,0
1816,u_206855,2026-05-04,upscaler_4k8k,33,1,0
1817,u_206856,2026-06-22,text_to_image,9,0,0
1818,u_206857,2026-06-16,text_to_image,30,0,0
1819,u_206858,2026-06-21,text_to_image,30,0,0
1820,u_206858,2026-04-11,video_generation,25,0,0
1821,u_206858,2026-04-18,image_to_image,30,1,1
1822,u_206858,2026-06-19,image_to_image,20,3,0
1823,u_206859,2026-05-24,object_remover,10,0,0
1824,u_206866,2026-06-08,text_to_image,26,0,0
1825,u_206874,2026-06-14,outpaint_expand,29,0,0
1826,u_206875,2026-05-13,background_remover,11,2,0
1827,u_206879,2026-05-09,avatar_generator,33,0,0
1828,u_206880,2026-05-27,text_to_image,6,0,2
1829,u_206881,2026-04-13,upscaler_4k8k,6,1,0
1830,u_206886,2026-04-18,ai_headshot,6,2,0
1831,u_206889,2026-06-05,text_to_image,1,2,0
1832,u_206889,2026-05-23,ai_headshot,38,6,0
1833,u_206894,2026-05-18,ai_headshot,60,1,0
1834,u_206897,2026-05-03,outpaint_expand,2,5,0
1835,u_206907,2026-05-22,ai_headshot,3,1,1
1836,u_206907,2026-06-09,background_remover,5,2,1
1837,u_206917,2026-06-18,video_generation,19,3,1
1838,u_206917,2026-06-20,video_generation,5,4,0
1839,u_206918,2026-04-17,logo_maker,5,2,0
1840,u_206919,2026-04-27,style_transfer,6,10,0
1841,u_206924,2026-05-01,text_to_image,0,0,1
1842,u_206934,2026-05-03,avatar_generator,6,2,0
1843,u_206934,2026-05-01,text_to_image,16,1,0
1844,u_206935,2026-06-23,text_to_image,34,1,2
1845,u_206936,2026-04-08,image_to_image,14,1,0
1846,u_206940,2026-06-13,image_to_image,2,3,0
1847,u_206941,2026-04-19,upscaler_4k8k,59,1,0
1848,u_206946,2026-05-13,avatar_generator,8,2,0
1849,u_206946,2026-05-28,upscaler_4k8k,9,0,0
1850,u_206947,2026-06-04,image_to_image,16,0,1
1851,u_206947,2026-05-20,interior_design,19,3,0
1852,u_206948,2026-04-29,tattoo_generator,10,0,0
1853,u_206948,2026-05-15,tattoo_generator,7,5,0
1854,u_206948,2026-05-19,style_transfer,11,0,0
1855,u_206949,2026-05-17,outpaint_expand,4,0,0
1856,u_206956,2026-03-16,interior_design,3,4,0
1857,u_206958,2026-05-10,text_to_image,9,0,0
1858,u_206958,2026-05-16,style_transfer,47,1,0
1859,u_206959,2026-06-11,flyer_poster_maker,13,1,0
1860,u_206961,2026-06-04,style_transfer,18,1,0
1861,u_206961,2026-05-24,ai_headshot,12,2,0
1862,u_206969,2026-06-16,ai_headshot,7,0,0
1863,u_206970,2026-06-20,background_remover,58,0,0
1864,u_206973,2026-05-14,style_transfer,3,1,0
1865,u_206977,2026-05-29,object_remover,23,0,0
1866,u_206984,2026-06-10,avatar_generator,18,0,0
1867,u_206989,2026-04-26,image_to_image,26,3,0
1868,u_206995,2026-06-01,tattoo_generator,5,1,0
1869,u_206996,2026-05-12,tattoo_generator,1,0,0
1870,u_206999,2026-06-05,style_transfer,31,1,1
1871,u_207001,2026-06-11,text_to_image,1,1,0
1872,u_207009,2026-06-04,text_to_image,7,0,0
1873,u_207010,2026-05-23,background_remover,0,1,1
1874,u_207016,2026-06-05,text_to_image,20,6,0
1875,u_207021,2026-04-06,avatar_generator,13,1,0
1876,u_207025,2026-06-09,image_to_image,15,0,0
1877,u_207031,2026-06-22,video_generation,14,5,0
1878,u_207046,2026-06-14,tattoo_generator,7,3,0
1879,u_207046,2026-04-29,style_transfer,2,0,1
1880,u_207055,2026-06-21,image_to_image,17,1,0
1881,u_207062,2026-05-23,object_remover,4,1,0
1882,u_207062,2026-04-13,text_to_image,7,1,0
1883,u_207064,2026-05-10,text_to_image,28,9,0
1884,u_207065,2026-06-23,object_remover,28,5,0
1885,u_207066,2026-05-24,avatar_generator,36,0,0
1886,u_207069,2026-06-25,text_to_image,15,0,2
1887,u_207075,2026-06-09,outpaint_expand,0,2,1
1888,u_207076,2026-05-18,text_to_image,12,0,0
1889,u_207094,2026-06-12,tattoo_generator,14,0,0
1890,u_207099,2026-05-15,text_to_image,40,4,0
1891,u_207099,2026-05-13,background_remover,2,5,0
1892,u_207101,2026-06-07,style_transfer,4,0,0
1893,u_207102,2026-06-03,image_to_image,3,1,0
1894,u_207113,2026-05-03,text_to_image,5,0,0
1895,u_207122,2026-05-13,text_to_image,29,2,2
1896,u_207126,2026-05-19,ai_headshot,63,5,0
1897,u_207129,2026-03-09,background_remover,7,1,0
1898,u_207142,2026-03-18,background_remover,2,3,2
1899,u_207147,2026-05-22,text_to_image,17,0,0
1900,u_207153,2026-04-18,interior_design,3,0,0
1901,u_207153,2026-05-05,outpaint_expand,5,0,1
1902,u_207153,2026-06-20,upscaler_4k8k,71,2,1
1903,u_207154,2026-03-30,image_to_image,7,2,0
1904,u_207159,2026-03-11,style_transfer,25,0,0
1905,u_207160,2026-05-10,text_to_image,4,0,0
1906,u_207164,2026-06-18,text_to_image,23,0,0
1907,u_207164,2026-04-10,flyer_poster_maker,14,4,1
1908,u_207171,2026-05-14,upscaler_4k8k,2,0,1
1909,u_207179,2026-06-09,text_to_image,17,0,1
1910,u_207184,2026-06-22,ai_headshot,0,0,1
1911,u_207189,2026-03-11,ai_headshot,10,6,0
1912,u_207192,2026-06-12,ai_headshot,13,1,0
1913,u_207201,2026-05-12,image_to_image,27,2,0
1914,u_207209,2026-06-15,image_to_image,4,6,1
1915,u_207220,2026-03-27,tattoo_generator,5,2,3
1916,u_207223,2026-06-28,flyer_poster_maker,16,1,0
1917,u_207226,2026-05-24,object_remover,21,7,0
1918,u_207231,2026-04-05,tattoo_generator,26,4,0
1919,u_207231,2026-05-31,text_to_image,30,0,0
1920,u_207232,2026-03-18,product_mockup,3,1,1
1921,u_207235,2026-06-08,ai_headshot,9,1,0
1922,u_207236,2026-05-22,ai_headshot,148,4,1
1923,u_207238,2026-06-22,ai_headshot,98,0,1
1924,u_207247,2026-06-15,text_to_image,28,2,0
1925,u_207250,2026-04-26,text_to_image,0,7,0
1926,u_207255,2026-04-04,object_remover,0,2,1
1927,u_207257,2026-06-27,object_remover,1,0,0
1928,u_207257,2026-06-24,background_remover,0,2,0
1929,u_207263,2026-04-24,style_transfer,6,1,0
1930,u_207264,2026-05-31,style_transfer,12,0,0
1931,u_207272,2026-06-23,style_transfer,39,0,0
1932,u_207273,2026-04-06,image_to_image,11,0,1
1933,u_207277,2026-05-07,tattoo_generator,4,0,0
1934,u_207289,2026-05-16,background_remover,58,7,1
1935,u_207291,2026-06-27,image_to_image,8,4,0
1936,u_207296,2026-06-07,flyer_poster_maker,4,1,0
1937,u_207296,2026-04-10,video_generation,52,0,0
1938,u_207307,2026-04-26,text_to_image,10,2,0
1939,u_207308,2026-05-27,style_transfer,53,2,0
1940,u_207310,2026-05-03,video_generation,29,0,0
1941,u_207310,2026-04-15,text_to_image,3,0,0
1942,u_207315,2026-04-14,image_to_image,16,0,1
1943,u_207318,2026-04-11,upscaler_4k8k,44,0,0
1944,u_207321,2026-06-21,text_to_image,1,0,0
1945,u_207322,2026-06-06,outpaint_expand,40,0,0
1946,u_207325,2026-06-11,avatar_generator,13,4,0
1947,u_207336,2026-04-07,upscaler_4k8k,4,0,0
1948,u_207337,2026-06-03,style_transfer,3,4,0
1949,u_207338,2026-04-11,object_remover,31,2,2
1950,u_207345,2026-06-07,style_transfer,45,0,0
1951,u_207347,2026-05-22,ai_headshot,33,0,1
1952,u_207348,2026-04-12,text_to_image,10,1,0
1953,u_207353,2026-03-12,avatar_generator,20,1,0
1954,u_207369,2026-05-02,ai_headshot,5,0,1
1955,u_207373,2026-05-21,upscaler_4k8k,14,4,0
1956,u_207376,2026-05-16,text_to_image,8,1,2
1957,u_207378,2026-05-06,image_to_image,8,0,0
1958,u_207378,2026-04-09,video_generation,0,5,0
1959,u_207379,2026-05-19,tattoo_generator,50,2,0
1960,u_207391,2026-05-28,image_to_image,49,1,0
1961,u_207397,2026-06-23,text_to_image,13,0,0
1962,u_207406,2026-05-13,video_generation,15,1,1
1963,u_207406,2026-04-07,style_transfer,1,3,0
1964,u_207409,2026-04-08,ai_headshot,16,0,0
1965,u_207409,2026-03-08,image_to_image,23,1,0
1966,u_207409,2026-05-16,avatar_generator,8,0,2
1967,u_207416,2026-05-08,text_to_image,9,7,1
1968,u_207416,2026-05-27,text_to_image,32,0,0
1969,u_207418,2026-05-13,style_transfer,6,4,0
1970,u_207423,2026-04-11,text_to_image,40,3,2
1971,u_207424,2026-05-13,text_to_image,14,0,1
1972,u_207430,2026-05-30,flyer_poster_maker,10,0,0
1973,u_207440,2026-06-20,video_generation,25,2,0
1974,u_207444,2026-05-26,avatar_generator,10,1,0
1975,u_207447,2026-05-14,avatar_generator,41,3,0
1976,u_207451,2026-05-26,text_to_image,0,3,0
1977,u_207452,2026-06-28,avatar_generator,1,0,0
1978,u_207461,2026-04-14,object_remover,8,3,0
1979,u_207464,2026-04-17,text_to_image,33,0,0
1980,u_207474,2026-06-12,background_remover,46,3,0
1981,u_207476,2026-05-18,text_to_image,9,2,0
1982,u_207478,2026-03-31,logo_maker,17,1,0
1983,u_207480,2026-06-16,text_to_image,8,0,1
1984,u_207486,2026-05-31,tattoo_generator,0,1,0
1985,u_207500,2026-03-16,image_to_image,48,2,0
1986,u_207501,2026-04-14,video_generation,39,1,0
1987,u_207501,2026-03-09,avatar_generator,0,1,0
1988,u_207502,2026-05-10,image_to_image,10,1,0
1989,u_207508,2026-05-21,text_to_image,20,0,0
1990,u_207513,2026-06-01,object_remover,2,5,0
1991,u_207514,2026-05-17,tattoo_generator,6,1,0
1992,u_207514,2026-06-10,text_to_image,3,1,1
1993,u_207515,2026-05-31,image_to_image,12,1,0
1994,u_207515,2026-06-23,image_to_image,50,2,0
1995,u_207525,2026-04-21,ai_headshot,18,2,0
1996,u_207526,2026-06-10,video_generation,13,1,0
1997,u_207531,2026-06-13,flyer_poster_maker,4,2,0
1998,u_207532,2026-06-04,image_to_image,3,0,1
1999,u_207535,2026-06-12,ai_headshot,6,7,0
2000,u_207548,2026-06-10,style_transfer,3,0,0
2001,u_207550,2026-05-09,text_to_image,4,1,0
2002,u_207561,2026-05-26,text_to_image,23,1,0
2003,u_207565,2026-03-24,interior_design,28,1,0
2004,u_207568,2026-06-08,text_to_image,21,0,0
2005,u_207570,2026-06-14,video_generation,1,0,0
2006,u_207577,2026-06-16,text_to_image,13,1,0
2007,u_207585,2026-05-27,ai_headshot,22,1,0
2008,u_207585,2026-05-20,text_to_image,11,0,0
2009,u_207586,2026-06-05,image_to_image,11,3,0
2010,u_207588,2026-06-05,style_transfer,0,1,0
2011,u_207589,2026-04-20,background_remover,3,0,1
2012,u_207595,2026-05-10,image_to_image,44,1,0
2013,u_207597,2026-06-19,video_generation,42,1,0
2014,u_207598,2026-06-08,image_to_image,2,0,0
2015,u_207600,2026-06-13,text_to_image,3,0,0
2016,u_207604,2026-06-25,product_mockup,20,0,2
2017,u_207605,2026-06-24,outpaint_expand,31,3,0
2018,u_207605,2026-05-19,background_remover,9,1,0
2019,u_207606,2026-05-04,ai_headshot,12,2,0
2020,u_207610,2026-05-17,text_to_image,27,6,3
2021,u_207610,2026-06-27,object_remover,3,0,0
2022,u_207611,2026-05-07,object_remover,5,0,0
2023,u_207632,2026-05-01,flyer_poster_maker,9,1,1
2024,u_207632,2026-04-02,text_to_image,59,2,0
2025,u_207634,2026-03-14,text_to_image,10,0,0
2026,u_207640,2026-06-27,ai_headshot,59,2,0
2027,u_207641,2026-06-04,interior_design,24,0,0
2028,u_207643,2026-05-04,outpaint_expand,21,3,0
2029,u_207643,2026-04-18,object_remover,1,2,1
2030,u_207644,2026-04-22,text_to_image,0,2,0
2031,u_207646,2026-06-27,avatar_generator,68,1,0
2032,u_207646,2026-06-03,style_transfer,34,0,1
2033,u_207646,2026-06-20,image_to_image,89,2,0
2034,u_207648,2026-05-24,logo_maker,63,0,0
2035,u_207649,2026-06-11,upscaler_4k8k,31,1,0
2036,u_207651,2026-05-24,ai_headshot,83,0,0
2037,u_207655,2026-06-05,video_generation,3,0,0
2038,u_207660,2026-04-21,image_to_image,22,2,0
2039,u_207664,2026-06-21,flyer_poster_maker,30,1,0
2040,u_207665,2026-04-03,text_to_image,8,4,0
2041,u_207665,2026-03-09,video_generation,2,0,0
2042,u_207665,2026-03-04,interior_design,8,0,0
2043,u_207666,2026-06-02,outpaint_expand,35,2,0
2044,u_207669,2026-06-19,video_generation,7,0,0
2045,u_207675,2026-06-25,flyer_poster_maker,11,1,0
2046,u_207678,2026-03-31,text_to_image,13,0,0
2047,u_207679,2026-06-24,image_to_image,14,1,0
2048,u_207679,2026-04-09,upscaler_4k8k,18,5,0
2049,u_207679,2026-04-25,style_transfer,50,1,0
2050,u_207679,2026-05-27,outpaint_expand,2,6,0
2051,u_207681,2026-05-30,outpaint_expand,20,1,0
2052,u_207688,2026-06-04,outpaint_expand,10,2,0
2053,u_207688,2026-04-18,image_to_image,16,0,0
2054,u_207692,2026-05-09,ai_headshot,4,3,0
2055,u_207697,2026-06-09,logo_maker,8,3,0
2056,u_207697,2026-05-25,outpaint_expand,0,4,0
2057,u_207700,2026-06-23,text_to_image,1,1,0
2058,u_207701,2026-06-27,ai_headshot,10,2,0
2059,u_207702,2026-05-08,text_to_image,18,1,0
2060,u_207702,2026-04-13,text_to_image,17,2,0
2061,u_207702,2026-06-18,style_transfer,103,2,0
2062,u_207704,2026-04-19,logo_maker,4,0,0
2063,u_207722,2026-06-19,object_remover,48,0,0
2064,u_207724,2026-06-24,ai_headshot,12,0,0
2065,u_207732,2026-03-27,text_to_image,82,0,0
2066,u_207733,2026-04-08,tattoo_generator,8,0,0
2067,u_207743,2026-06-16,upscaler_4k8k,51,1,0
2068,u_207745,2026-06-05,object_remover,3,0,0
2069,u_207745,2026-05-28,text_to_image,12,3,0
2070,u_207747,2026-05-14,upscaler_4k8k,2,1,0
2071,u_207752,2026-06-11,style_transfer,9,1,0
2072,u_207753,2026-04-21,image_to_image,2,3,0
2073,u_207755,2026-06-16,object_remover,33,1,1
2074,u_207760,2026-05-11,background_remover,1,0,0
2075,u_207763,2026-05-21,background_remover,11,2,0
2076,u_207765,2026-04-22,text_to_image,45,0,0
2077,u_207772,2026-05-06,object_remover,6,2,0
2078,u_207776,2026-05-21,image_to_image,1,0,0
2079,u_207789,2026-06-19,video_generation,20,0,0
2080,u_207790,2026-06-02,text_to_image,32,2,1
2081,u_207790,2026-06-14,avatar_generator,24,0,0
2082,u_207794,2026-06-25,text_to_image,51,1,0
2083,u_207822,2026-03-30,avatar_generator,15,0,0
2084,u_207825,2026-04-19,avatar_generator,18,6,0
2085,u_207826,2026-06-22,text_to_image,20,2,1
2086,u_207827,2026-06-09,avatar_generator,6,0,0
2087,u_207827,2026-06-02,text_to_image,9,1,0
2088,u_207832,2026-06-28,text_to_image,6,3,0
2089,u_207832,2026-05-06,video_generation,5,0,0
2090,u_207837,2026-04-16,style_transfer,2,2,1
2091,u_207837,2026-06-20,outpaint_expand,45,0,0
2092,u_207840,2026-06-18,logo_maker,11,1,0
2093,u_207841,2026-06-07,ai_headshot,10,1,0
2094,u_207849,2026-05-08,video_generation,18,5,0
2095,u_207852,2026-06-16,upscaler_4k8k,5,2,0
2096,u_207857,2026-06-20,background_remover,16,4,0
2097,u_207857,2026-05-25,flyer_poster_maker,27,0,0
2098,u_207863,2026-06-21,image_to_image,5,8,0
2099,u_207865,2026-05-29,logo_maker,7,1,0
2100,u_207865,2026-06-12,object_remover,4,2,0
2101,u_207866,2026-04-27,logo_maker,30,3,0
2102,u_207869,2026-05-30,text_to_image,23,1,0
2103,u_207877,2026-06-27,text_to_image,2,2,0
2104,u_207881,2026-06-24,outpaint_expand,23,4,0
2105,u_207897,2026-04-03,text_to_image,16,3,0
2106,u_207899,2026-05-11,text_to_image,74,0,0
2107,u_207899,2026-05-11,image_to_image,2,2,0
2108,u_207909,2026-05-27,tattoo_generator,44,1,0
2109,u_207911,2026-04-12,flyer_poster_maker,30,0,1
2110,u_207912,2026-06-20,background_remover,1,2,0
2111,u_207915,2026-04-02,text_to_image,15,2,1
2112,u_207916,2026-04-11,background_remover,68,3,0
2113,u_207916,2026-04-07,image_to_image,46,0,0
2114,u_207918,2026-05-03,text_to_image,0,2,1
2115,u_207918,2026-05-07,video_generation,7,0,0
2116,u_207924,2026-03-27,object_remover,30,1,0
2117,u_207929,2026-04-11,text_to_image,5,9,0
2118,u_207930,2026-05-26,text_to_image,2,0,0
2119,u_207934,2026-06-13,image_to_image,43,1,2
2120,u_207944,2026-04-28,product_mockup,18,2,0
2121,u_207947,2026-05-30,image_to_image,17,2,1
2122,u_207950,2026-06-16,logo_maker,12,1,0
2123,u_207959,2026-06-16,outpaint_expand,27,0,0
2124,u_207965,2026-05-19,text_to_image,10,1,0
2125,u_207966,2026-03-30,image_to_image,0,0,0
2126,u_207966,2026-04-24,upscaler_4k8k,13,1,1
2127,u_207967,2026-04-10,upscaler_4k8k,0,1,0
2128,u_207968,2026-06-04,tattoo_generator,35,0,0
2129,u_207968,2026-03-18,ai_headshot,10,0,0
2130,u_207970,2026-06-22,ai_headshot,1,3,0
2131,u_207972,2026-03-25,tattoo_generator,24,0,0
2132,u_207972,2026-04-14,avatar_generator,19,0,0
2133,u_207979,2026-06-07,video_generation,9,2,0
2134,u_207985,2026-06-11,video_generation,11,0,0
2135,u_207986,2026-05-15,background_remover,2,0,0
2136,u_207997,2026-05-13,text_to_image,15,0,0
